20.0	-5.00
22.0	-4.40
24.0	-3.80
26.0	-3.20
28.0	-2.60
30.0	-2.00
32.0	-1.75
34.0	-1.50
36.0	-1.25
38.0	-1.00
40.0	-0.75
42.0	-0.50
44.0	-0.25
46.0	0.00
48.0	0.25
50.0	0.50
52.0	0.60
54.0	0.70
56.0	0.80
58.0	0.90
60.0	1.00
62.0	1.10
64.0	1.20
66.0	1.30
68.0	1.40
70.0	1.50
72.0	1.60
74.0	1.70
76.0	1.80
78.0	1.90
80.0	2.00
82.0	2.00
84.0	2.00
86.0	2.00
88.0	2.00
90.0	2.00
92.0	2.00
94.0	2.00
96.0	2.00
98.0	2.00
100.0	2.00
102.0	1.98
104.0	1.96
106.0	1.94
108.0	1.92
110.0	1.90
112.0	1.88
114.0	1.86
116.0	1.84
118.0	1.82
120.0	1.80
122.0	1.78
124.0	1.76
126.0	1.74
128.0	1.72
130.0	1.70
132.0	1.68
134.0	1.66
136.0	1.64
138.0	1.62
140.0	1.60
142.0	1.58
144.0	1.56
146.0	1.54
148.0	1.52
150.0	1.50
152.0	1.50
154.0	1.50
156.0	1.50
158.0	1.50
160.0	1.50
162.0	1.50
164.0	1.50
166.0	1.50
168.0	1.50
170.0	1.50
172.0	1.50
174.0	1.50
176.0	1.50
178.0	1.50
180.0	1.50
182.0	1.50
184.0	1.50
186.0	1.50
188.0	1.50
190.0	1.50
192.0	1.50
194.0	1.50
196.0	1.50
198.0	1.50
200.0	1.50
202.0	1.52
204.0	1.54
206.0	1.56
208.0	1.58
210.0	1.60
212.0	1.62
214.0	1.64
216.0	1.66
218.0	1.68
220.0	1.70
222.0	1.72
224.0	1.74
226.0	1.76
228.0	1.78
230.0	1.80
232.0	1.82
234.0	1.84
236.0	1.86
238.0	1.88
240.0	1.90
242.0	1.92
244.0	1.94
246.0	1.96
248.0	1.98
250.0	2.00
252.0	2.02
254.0	2.04
256.0	2.06
258.0	2.08
260.0	2.10
262.0	2.12
264.0	2.14
266.0	2.16
268.0	2.18
270.0	2.20
272.0	2.22
274.0	2.24
276.0	2.26
278.0	2.28
280.0	2.30
282.0	2.32
284.0	2.34
286.0	2.36
288.0	2.38
290.0	2.40
292.0	2.42
294.0	2.44
296.0	2.46
298.0	2.48
300.0	2.50
302.0	2.47
304.0	2.45
306.0	2.42
308.0	2.39
310.0	2.37
312.0	2.34
314.0	2.31
316.0	2.28
318.0	2.26
320.0	2.23
322.0	2.20
324.0	2.18
326.0	2.15
328.0	2.12
330.0	2.09
332.0	2.07
334.0	2.04
336.0	2.01
338.0	1.99
340.0	1.96
342.0	1.93
344.0	1.91
346.0	1.88
348.0	1.85
350.0	1.82
352.0	1.80
354.0	1.77
356.0	1.74
358.0	1.72
360.0	1.69
362.0	1.66
364.0	1.64
366.0	1.61
368.0	1.58
370.0	1.55
372.0	1.53
374.0	1.50
376.0	1.47
378.0	1.45
380.0	1.42
382.0	1.39
384.0	1.37
386.0	1.34
388.0	1.31
390.0	1.28
392.0	1.26
394.0	1.23
396.0	1.20
398.0	1.18
400.0	1.15
402.0	1.12
404.0	1.10
406.0	1.07
408.0	1.04
410.0	1.01
412.0	0.99
414.0	0.96
416.0	0.93
418.0	0.91
420.0	0.88
422.0	0.85
424.0	0.83
426.0	0.80
428.0	0.77
430.0	0.74
432.0	0.72
434.0	0.69
436.0	0.66
438.0	0.64
440.0	0.61
442.0	0.58
444.0	0.56
446.0	0.53
448.0	0.50
450.0	0.47
452.0	0.45
454.0	0.42
456.0	0.39
458.0	0.37
460.0	0.34
462.0	0.31
464.0	0.29
466.0	0.26
468.0	0.23
470.0	0.20
472.0	0.18
474.0	0.15
476.0	0.12
478.0	0.10
480.0	0.07
482.0	0.04
484.0	0.02
486.0	-0.01
488.0	-0.04
490.0	-0.07
492.0	-0.09
494.0	-0.12
496.0	-0.15
498.0	-0.17
500.0	-0.20
502.0	-0.20
504.0	-0.20
506.0	-0.21
508.0	-0.21
510.0	-0.21
512.0	-0.21
514.0	-0.21
516.0	-0.22
518.0	-0.22
520.0	-0.22
522.0	-0.22
524.0	-0.22
526.0	-0.23
528.0	-0.23
530.0	-0.23
532.0	-0.23
534.0	-0.23
536.0	-0.24
538.0	-0.24
540.0	-0.24
542.0	-0.24
544.0	-0.24
546.0	-0.25
548.0	-0.25
550.0	-0.25
552.0	-0.25
554.0	-0.25
556.0	-0.26
558.0	-0.26
560.0	-0.26
562.0	-0.26
564.0	-0.26
566.0	-0.27
568.0	-0.27
570.0	-0.27
572.0	-0.27
574.0	-0.27
576.0	-0.28
578.0	-0.28
580.0	-0.28
582.0	-0.28
584.0	-0.28
586.0	-0.29
588.0	-0.29
590.0	-0.29
592.0	-0.29
594.0	-0.29
596.0	-0.30
598.0	-0.30
600.0	-0.30
602.0	-0.30
604.0	-0.30
606.0	-0.31
608.0	-0.31
610.0	-0.31
612.0	-0.31
614.0	-0.31
616.0	-0.32
618.0	-0.32
620.0	-0.32
622.0	-0.32
624.0	-0.32
626.0	-0.33
628.0	-0.33
630.0	-0.33
632.0	-0.33
634.0	-0.33
636.0	-0.34
638.0	-0.34
640.0	-0.34
642.0	-0.34
644.0	-0.34
646.0	-0.35
648.0	-0.35
650.0	-0.35
652.0	-0.35
654.0	-0.35
656.0	-0.36
658.0	-0.36
660.0	-0.36
662.0	-0.36
664.0	-0.36
666.0	-0.37
668.0	-0.37
670.0	-0.37
672.0	-0.37
674.0	-0.37
676.0	-0.38
678.0	-0.38
680.0	-0.38
682.0	-0.38
684.0	-0.38
686.0	-0.39
688.0	-0.39
690.0	-0.39
692.0	-0.39
694.0	-0.39
696.0	-0.40
698.0	-0.40
700.0	-0.40
702.0	-0.40
704.0	-0.40
706.0	-0.41
708.0	-0.41
710.0	-0.41
712.0	-0.41
714.0	-0.41
716.0	-0.42
718.0	-0.42
720.0	-0.42
722.0	-0.42
724.0	-0.42
726.0	-0.43
728.0	-0.43
730.0	-0.43
732.0	-0.43
734.0	-0.43
736.0	-0.44
738.0	-0.44
740.0	-0.44
742.0	-0.44
744.0	-0.44
746.0	-0.45
748.0	-0.45
750.0	-0.45
752.0	-0.45
754.0	-0.45
756.0	-0.46
758.0	-0.46
760.0	-0.46
762.0	-0.46
764.0	-0.46
766.0	-0.47
768.0	-0.47
770.0	-0.47
772.0	-0.47
774.0	-0.47
776.0	-0.48
778.0	-0.48
780.0	-0.48
782.0	-0.48
784.0	-0.48
786.0	-0.49
788.0	-0.49
790.0	-0.49
792.0	-0.49
794.0	-0.49
796.0	-0.50
798.0	-0.50
800.0	-0.50
802.0	-0.49
804.0	-0.49
806.0	-0.48
808.0	-0.48
810.0	-0.47
812.0	-0.47
814.0	-0.46
816.0	-0.46
818.0	-0.46
820.0	-0.45
822.0	-0.45
824.0	-0.44
826.0	-0.43
828.0	-0.43
830.0	-0.42
832.0	-0.42
834.0	-0.41
836.0	-0.41
838.0	-0.41
840.0	-0.40
842.0	-0.40
844.0	-0.39
846.0	-0.39
848.0	-0.38
850.0	-0.38
852.0	-0.37
854.0	-0.36
856.0	-0.36
858.0	-0.35
860.0	-0.35
862.0	-0.34
864.0	-0.34
866.0	-0.33
868.0	-0.33
870.0	-0.32
872.0	-0.32
874.0	-0.32
876.0	-0.31
878.0	-0.30
880.0	-0.30
882.0	-0.29
884.0	-0.29
886.0	-0.29
888.0	-0.28
890.0	-0.28
892.0	-0.27
894.0	-0.27
896.0	-0.26
898.0	-0.26
900.0	-0.25
902.0	-0.24
904.0	-0.24
906.0	-0.23
908.0	-0.23
910.0	-0.22
912.0	-0.22
914.0	-0.21
916.0	-0.21
918.0	-0.21
920.0	-0.20
922.0	-0.20
924.0	-0.19
926.0	-0.18
928.0	-0.18
930.0	-0.17
932.0	-0.17
934.0	-0.16
936.0	-0.16
938.0	-0.15
940.0	-0.15
942.0	-0.15
944.0	-0.14
946.0	-0.14
948.0	-0.13
950.0	-0.12
952.0	-0.12
954.0	-0.11
956.0	-0.11
958.0	-0.10
960.0	-0.10
962.0	-0.09
964.0	-0.09
966.0	-0.08
968.0	-0.08
970.0	-0.08
972.0	-0.07
974.0	-0.07
976.0	-0.06
978.0	-0.05
980.0	-0.05
982.0	-0.04
984.0	-0.04
986.0	-0.03
988.0	-0.03
990.0	-0.02
992.0	-0.02
994.0	-0.02
996.0	-0.01
998.0	-0.01
1000.0	0.00
1002.0	0.01
1004.0	0.02
1006.0	0.03
1008.0	0.04
1010.0	0.05
1012.0	0.06
1014.0	0.07
1016.0	0.08
1018.0	0.09
1020.0	0.10
1022.0	0.11
1024.0	0.12
1026.0	0.14
1028.0	0.15
1030.0	0.16
1032.0	0.17
1034.0	0.18
1036.0	0.19
1038.0	0.20
1040.0	0.21
1042.0	0.22
1044.0	0.23
1046.0	0.24
1048.0	0.25
1050.0	0.26
1052.0	0.27
1054.0	0.28
1056.0	0.29
1058.0	0.30
1060.0	0.31
1062.0	0.32
1064.0	0.33
1066.0	0.34
1068.0	0.35
1070.0	0.36
1072.0	0.37
1074.0	0.38
1076.0	0.40
1078.0	0.41
1080.0	0.42
1082.0	0.43
1084.0	0.44
1086.0	0.45
1088.0	0.46
1090.0	0.47
1092.0	0.48
1094.0	0.49
1096.0	0.50
1098.0	0.51
1100.0	0.52
1102.0	0.53
1104.0	0.54
1106.0	0.55
1108.0	0.56
1110.0	0.57
1112.0	0.58
1114.0	0.59
1116.0	0.60
1118.0	0.61
1120.0	0.62
1122.0	0.63
1124.0	0.64
1126.0	0.66
1128.0	0.67
1130.0	0.68
1132.0	0.69
1134.0	0.70
1136.0	0.71
1138.0	0.72
1140.0	0.73
1142.0	0.74
1144.0	0.75
1146.0	0.76
1148.0	0.77
1150.0	0.78
1152.0	0.79
1154.0	0.80
1156.0	0.81
1158.0	0.82
1160.0	0.83
1162.0	0.84
1164.0	0.85
1166.0	0.86
1168.0	0.87
1170.0	0.88
1172.0	0.89
1174.0	0.90
1176.0	0.92
1178.0	0.93
1180.0	0.94
1182.0	0.95
1184.0	0.96
1186.0	0.97
1188.0	0.98
1190.0	0.99
1192.0	1.00
1194.0	1.01
1196.0	1.02
1198.0	1.03
1200.0	1.04
1202.0	1.05
1204.0	1.06
1206.0	1.07
1208.0	1.08
1210.0	1.09
1212.0	1.10
1214.0	1.11
1216.0	1.12
1218.0	1.13
1220.0	1.14
1222.0	1.15
1224.0	1.16
1226.0	1.18
1228.0	1.19
1230.0	1.20
1232.0	1.21
1234.0	1.22
1236.0	1.23
1238.0	1.24
1240.0	1.25
1242.0	1.26
1244.0	1.27
1246.0	1.28
1248.0	1.29
1250.0	1.30
1252.0	1.31
1254.0	1.32
1256.0	1.33
1258.0	1.34
1260.0	1.35
1262.0	1.36
1264.0	1.37
1266.0	1.38
1268.0	1.39
1270.0	1.40
1272.0	1.41
1274.0	1.42
1276.0	1.44
1278.0	1.45
1280.0	1.46
1282.0	1.47
1284.0	1.48
1286.0	1.49
1288.0	1.50
1290.0	1.51
1292.0	1.52
1294.0	1.53
1296.0	1.54
1298.0	1.55
1300.0	1.56
1302.0	1.57
1304.0	1.58
1306.0	1.59
1308.0	1.60
1310.0	1.61
1312.0	1.62
1314.0	1.63
1316.0	1.64
1318.0	1.65
1320.0	1.66
1322.0	1.67
1324.0	1.68
1326.0	1.70
1328.0	1.71
1330.0	1.72
1332.0	1.73
1334.0	1.74
1336.0	1.75
1338.0	1.76
1340.0	1.77
1342.0	1.78
1344.0	1.79
1346.0	1.80
1348.0	1.81
1350.0	1.82
1352.0	1.83
1354.0	1.84
1356.0	1.85
1358.0	1.86
1360.0	1.87
1362.0	1.88
1364.0	1.89
1366.0	1.90
1368.0	1.91
1370.0	1.92
1372.0	1.93
1374.0	1.94
1376.0	1.96
1378.0	1.97
1380.0	1.98
1382.0	1.99
1384.0	2.00
1386.0	2.01
1388.0	2.02
1390.0	2.03
1392.0	2.04
1394.0	2.05
1396.0	2.06
1398.0	2.07
1400.0	2.08
1402.0	2.09
1404.0	2.10
1406.0	2.11
1408.0	2.12
1410.0	2.13
1412.0	2.14
1414.0	2.15
1416.0	2.16
1418.0	2.17
1420.0	2.18
1422.0	2.19
1424.0	2.20
1426.0	2.22
1428.0	2.23
1430.0	2.24
1432.0	2.25
1434.0	2.26
1436.0	2.27
1438.0	2.28
1440.0	2.29
1442.0	2.30
1444.0	2.31
1446.0	2.32
1448.0	2.33
1450.0	2.34
1452.0	2.35
1454.0	2.36
1456.0	2.37
1458.0	2.38
1460.0	2.39
1462.0	2.40
1464.0	2.41
1466.0	2.42
1468.0	2.43
1470.0	2.44
1472.0	2.45
1474.0	2.46
1476.0	2.48
1478.0	2.49
1480.0	2.50
1482.0	2.51
1484.0	2.52
1486.0	2.53
1488.0	2.54
1490.0	2.55
1492.0	2.56
1494.0	2.57
1496.0	2.58
1498.0	2.59
1500.0	2.60
1502.0	2.61
1504.0	2.62
1506.0	2.63
1508.0	2.64
1510.0	2.65
1512.0	2.66
1514.0	2.68
1516.0	2.69
1518.0	2.70
1520.0	2.71
1522.0	2.72
1524.0	2.73
1526.0	2.74
1528.0	2.75
1530.0	2.76
1532.0	2.77
1534.0	2.78
1536.0	2.79
1538.0	2.81
1540.0	2.82
1542.0	2.83
1544.0	2.84
1546.0	2.85
1548.0	2.86
1550.0	2.87
1552.0	2.88
1554.0	2.89
1556.0	2.90
1558.0	2.91
1560.0	2.92
1562.0	2.93
1564.0	2.95
1566.0	2.96
1568.0	2.97
1570.0	2.98
1572.0	2.99
1574.0	3.00
1576.0	3.01
1578.0	3.02
1580.0	3.03
1582.0	3.04
1584.0	3.05
1586.0	3.06
1588.0	3.08
1590.0	3.09
1592.0	3.10
1594.0	3.11
1596.0	3.12
1598.0	3.13
1600.0	3.14
1602.0	3.15
1604.0	3.16
1606.0	3.17
1608.0	3.18
1610.0	3.19
1612.0	3.20
1614.0	3.22
1616.0	3.23
1618.0	3.24
1620.0	3.25
1622.0	3.26
1624.0	3.27
1626.0	3.28
1628.0	3.29
1630.0	3.30
1632.0	3.31
1634.0	3.32
1636.0	3.33
1638.0	3.35
1640.0	3.36
1642.0	3.37
1644.0	3.38
1646.0	3.39
1648.0	3.40
1650.0	3.41
1652.0	3.42
1654.0	3.43
1656.0	3.44
1658.0	3.45
1660.0	3.46
1662.0	3.47
1664.0	3.49
1666.0	3.50
1668.0	3.51
1670.0	3.52
1672.0	3.53
1674.0	3.54
1676.0	3.55
1678.0	3.56
1680.0	3.57
1682.0	3.58
1684.0	3.59
1686.0	3.60
1688.0	3.62
1690.0	3.63
1692.0	3.64
1694.0	3.65
1696.0	3.66
1698.0	3.67
1700.0	3.68
1702.0	3.69
1704.0	3.70
1706.0	3.71
1708.0	3.72
1710.0	3.73
1712.0	3.74
1714.0	3.76
1716.0	3.77
1718.0	3.78
1720.0	3.79
1722.0	3.80
1724.0	3.81
1726.0	3.82
1728.0	3.83
1730.0	3.84
1732.0	3.85
1734.0	3.86
1736.0	3.87
1738.0	3.89
1740.0	3.90
1742.0	3.91
1744.0	3.92
1746.0	3.93
1748.0	3.94
1750.0	3.95
1752.0	3.96
1754.0	3.97
1756.0	3.98
1758.0	3.99
1760.0	4.00
1762.0	4.01
1764.0	4.03
1766.0	4.04
1768.0	4.05
1770.0	4.06
1772.0	4.07
1774.0	4.08
1776.0	4.09
1778.0	4.10
1780.0	4.11
1782.0	4.12
1784.0	4.13
1786.0	4.14
1788.0	4.16
1790.0	4.17
1792.0	4.18
1794.0	4.19
1796.0	4.20
1798.0	4.21
1800.0	4.22
1802.0	4.23
1804.0	4.24
1806.0	4.25
1808.0	4.26
1810.0	4.27
1812.0	4.28
1814.0	4.30
1816.0	4.31
1818.0	4.32
1820.0	4.33
1822.0	4.34
1824.0	4.35
1826.0	4.36
1828.0	4.37
1830.0	4.38
1832.0	4.39
1834.0	4.40
1836.0	4.41
1838.0	4.43
1840.0	4.44
1842.0	4.45
1844.0	4.46
1846.0	4.47
1848.0	4.48
1850.0	4.49
1852.0	4.50
1854.0	4.51
1856.0	4.52
1858.0	4.53
1860.0	4.54
1862.0	4.55
1864.0	4.57
1866.0	4.58
1868.0	4.59
1870.0	4.60
1872.0	4.61
1874.0	4.62
1876.0	4.63
1878.0	4.64
1880.0	4.65
1882.0	4.66
1884.0	4.67
1886.0	4.68
1888.0	4.70
1890.0	4.71
1892.0	4.72
1894.0	4.73
1896.0	4.74
1898.0	4.75
1900.0	4.76
1902.0	4.77
1904.0	4.78
1906.0	4.79
1908.0	4.80
1910.0	4.81
1912.0	4.82
1914.0	4.84
1916.0	4.85
1918.0	4.86
1920.0	4.87
1922.0	4.88
1924.0	4.89
1926.0	4.90
1928.0	4.91
1930.0	4.92
1932.0	4.93
1934.0	4.94
1936.0	4.95
1938.0	4.97
1940.0	4.98
1942.0	4.99
1944.0	5.00
1946.0	5.01
1948.0	5.02
1950.0	5.03
1952.0	5.04
1954.0	5.05
1956.0	5.06
1958.0	5.07
1960.0	5.08
1962.0	5.09
1964.0	5.11
1966.0	5.12
1968.0	5.13
1970.0	5.14
1972.0	5.15
1974.0	5.16
1976.0	5.17
1978.0	5.18
1980.0	5.19
1982.0	5.20
1984.0	5.21
1986.0	5.22
1988.0	5.24
1990.0	5.25
1992.0	5.26
1994.0	5.27
1996.0	5.28
1998.0	5.29
2000.0	5.30
2002.0	5.31
2004.0	5.31
2006.0	5.32
2008.0	5.32
2010.0	5.33
2012.0	5.33
2014.0	5.34
2016.0	5.34
2018.0	5.35
2020.0	5.35
2022.0	5.36
2024.0	5.36
2026.0	5.37
2028.0	5.37
2030.0	5.38
2032.0	5.38
2034.0	5.39
2036.0	5.39
2038.0	5.40
2040.0	5.40
2042.0	5.41
2044.0	5.41
2046.0	5.42
2048.0	5.42
2050.0	5.43
2052.0	5.44
2054.0	5.44
2056.0	5.45
2058.0	5.45
2060.0	5.46
2062.0	5.46
2064.0	5.47
2066.0	5.47
2068.0	5.48
2070.0	5.48
2072.0	5.49
2074.0	5.49
2076.0	5.50
2078.0	5.50
2080.0	5.51
2082.0	5.51
2084.0	5.52
2086.0	5.52
2088.0	5.53
2090.0	5.53
2092.0	5.54
2094.0	5.54
2096.0	5.55
2098.0	5.55
2100.0	5.56
2102.0	5.57
2104.0	5.57
2106.0	5.58
2108.0	5.58
2110.0	5.59
2112.0	5.59
2114.0	5.60
2116.0	5.60
2118.0	5.61
2120.0	5.61
2122.0	5.62
2124.0	5.62
2126.0	5.63
2128.0	5.63
2130.0	5.64
2132.0	5.64
2134.0	5.65
2136.0	5.65
2138.0	5.66
2140.0	5.66
2142.0	5.67
2144.0	5.67
2146.0	5.68
2148.0	5.68
2150.0	5.69
2152.0	5.70
2154.0	5.70
2156.0	5.71
2158.0	5.71
2160.0	5.72
2162.0	5.72
2164.0	5.73
2166.0	5.73
2168.0	5.74
2170.0	5.74
2172.0	5.75
2174.0	5.75
2176.0	5.76
2178.0	5.76
2180.0	5.77
2182.0	5.77
2184.0	5.78
2186.0	5.78
2188.0	5.79
2190.0	5.79
2192.0	5.80
2194.0	5.80
2196.0	5.81
2198.0	5.81
2200.0	5.82
2202.0	5.83
2204.0	5.83
2206.0	5.84
2208.0	5.84
2210.0	5.85
2212.0	5.85
2214.0	5.86
2216.0	5.86
2218.0	5.87
2220.0	5.87
2222.0	5.88
2224.0	5.88
2226.0	5.89
2228.0	5.89
2230.0	5.90
2232.0	5.90
2234.0	5.91
2236.0	5.91
2238.0	5.92
2240.0	5.92
2242.0	5.93
2244.0	5.93
2246.0	5.94
2248.0	5.94
2250.0	5.95
2252.0	5.96
2254.0	5.96
2256.0	5.97
2258.0	5.97
2260.0	5.98
2262.0	5.98
2264.0	5.99
2266.0	5.99
2268.0	6.00
2270.0	6.00
2272.0	6.01
2274.0	6.01
2276.0	6.02
2278.0	6.02
2280.0	6.03
2282.0	6.03
2284.0	6.04
2286.0	6.04
2288.0	6.05
2290.0	6.05
2292.0	6.06
2294.0	6.06
2296.0	6.07
2298.0	6.07
2300.0	6.08
2302.0	6.09
2304.0	6.09
2306.0	6.10
2308.0	6.10
2310.0	6.11
2312.0	6.11
2314.0	6.12
2316.0	6.12
2318.0	6.13
2320.0	6.13
2322.0	6.14
2324.0	6.14
2326.0	6.15
2328.0	6.15
2330.0	6.16
2332.0	6.16
2334.0	6.17
2336.0	6.17
2338.0	6.18
2340.0	6.18
2342.0	6.19
2344.0	6.19
2346.0	6.20
2348.0	6.20
2350.0	6.21
2352.0	6.22
2354.0	6.22
2356.0	6.23
2358.0	6.23
2360.0	6.24
2362.0	6.24
2364.0	6.25
2366.0	6.25
2368.0	6.26
2370.0	6.26
2372.0	6.27
2374.0	6.27
2376.0	6.28
2378.0	6.28
2380.0	6.29
2382.0	6.29
2384.0	6.30
2386.0	6.30
2388.0	6.31
2390.0	6.31
2392.0	6.32
2394.0	6.32
2396.0	6.33
2398.0	6.33
2400.0	6.34
2402.0	6.35
2404.0	6.35
2406.0	6.36
2408.0	6.36
2410.0	6.37
2412.0	6.37
2414.0	6.38
2416.0	6.38
2418.0	6.39
2420.0	6.39
2422.0	6.40
2424.0	6.40
2426.0	6.41
2428.0	6.41
2430.0	6.42
2432.0	6.42
2434.0	6.43
2436.0	6.43
2438.0	6.44
2440.0	6.44
2442.0	6.45
2444.0	6.45
2446.0	6.46
2448.0	6.46
2450.0	6.47
2452.0	6.48
2454.0	6.48
2456.0	6.49
2458.0	6.49
2460.0	6.50
2462.0	6.50
2464.0	6.51
2466.0	6.51
2468.0	6.52
2470.0	6.52
2472.0	6.53
2474.0	6.53
2476.0	6.54
2478.0	6.54
2480.0	6.55
2482.0	6.55
2484.0	6.56
2486.0	6.56
2488.0	6.57
2490.0	6.57
2492.0	6.58
2494.0	6.58
2496.0	6.59
2498.0	6.59
2500.0	6.60
2502.0	6.61
2504.0	6.62
2506.0	6.63
2508.0	6.63
2510.0	6.64
2512.0	6.65
2514.0	6.66
2516.0	6.67
2518.0	6.68
2520.0	6.68
2522.0	6.69
2524.0	6.70
2526.0	6.71
2528.0	6.72
2530.0	6.73
2532.0	6.73
2534.0	6.74
2536.0	6.75
2538.0	6.76
2540.0	6.77
2542.0	6.78
2544.0	6.78
2546.0	6.79
2548.0	6.80
2550.0	6.81
2552.0	6.82
2554.0	6.83
2556.0	6.84
2558.0	6.84
2560.0	6.85
2562.0	6.86
2564.0	6.87
2566.0	6.88
2568.0	6.89
2570.0	6.89
2572.0	6.90
2574.0	6.91
2576.0	6.92
2578.0	6.93
2580.0	6.94
2582.0	6.94
2584.0	6.95
2586.0	6.96
2588.0	6.97
2590.0	6.98
2592.0	6.99
2594.0	6.99
2596.0	7.00
2598.0	7.01
2600.0	7.02
2602.0	7.03
2604.0	7.04
2606.0	7.05
2608.0	7.05
2610.0	7.06
2612.0	7.07
2614.0	7.08
2616.0	7.09
2618.0	7.10
2620.0	7.10
2622.0	7.11
2624.0	7.12
2626.0	7.13
2628.0	7.14
2630.0	7.15
2632.0	7.15
2634.0	7.16
2636.0	7.17
2638.0	7.18
2640.0	7.19
2642.0	7.20
2644.0	7.20
2646.0	7.21
2648.0	7.22
2650.0	7.23
2652.0	7.24
2654.0	7.25
2656.0	7.26
2658.0	7.26
2660.0	7.27
2662.0	7.28
2664.0	7.29
2666.0	7.30
2668.0	7.31
2670.0	7.31
2672.0	7.32
2674.0	7.33
2676.0	7.34
2678.0	7.35
2680.0	7.36
2682.0	7.36
2684.0	7.37
2686.0	7.38
2688.0	7.39
2690.0	7.40
2692.0	7.41
2694.0	7.41
2696.0	7.42
2698.0	7.43
2700.0	7.44
2702.0	7.45
2704.0	7.46
2706.0	7.47
2708.0	7.47
2710.0	7.48
2712.0	7.49
2714.0	7.50
2716.0	7.51
2718.0	7.52
2720.0	7.52
2722.0	7.53
2724.0	7.54
2726.0	7.55
2728.0	7.56
2730.0	7.57
2732.0	7.57
2734.0	7.58
2736.0	7.59
2738.0	7.60
2740.0	7.61
2742.0	7.62
2744.0	7.62
2746.0	7.63
2748.0	7.64
2750.0	7.65
2752.0	7.66
2754.0	7.67
2756.0	7.68
2758.0	7.68
2760.0	7.69
2762.0	7.70
2764.0	7.71
2766.0	7.72
2768.0	7.73
2770.0	7.73
2772.0	7.74
2774.0	7.75
2776.0	7.76
2778.0	7.77
2780.0	7.78
2782.0	7.78
2784.0	7.79
2786.0	7.80
2788.0	7.81
2790.0	7.82
2792.0	7.83
2794.0	7.83
2796.0	7.84
2798.0	7.85
2800.0	7.86
2802.0	7.87
2804.0	7.88
2806.0	7.89
2808.0	7.89
2810.0	7.90
2812.0	7.91
2814.0	7.92
2816.0	7.93
2818.0	7.94
2820.0	7.94
2822.0	7.95
2824.0	7.96
2826.0	7.97
2828.0	7.98
2830.0	7.99
2832.0	7.99
2834.0	8.00
2836.0	8.01
2838.0	8.02
2840.0	8.03
2842.0	8.04
2844.0	8.04
2846.0	8.05
2848.0	8.06
2850.0	8.07
2852.0	8.08
2854.0	8.09
2856.0	8.10
2858.0	8.10
2860.0	8.11
2862.0	8.12
2864.0	8.13
2866.0	8.14
2868.0	8.15
2870.0	8.15
2872.0	8.16
2874.0	8.17
2876.0	8.18
2878.0	8.19
2880.0	8.20
2882.0	8.20
2884.0	8.21
2886.0	8.22
2888.0	8.23
2890.0	8.24
2892.0	8.25
2894.0	8.25
2896.0	8.26
2898.0	8.27
2900.0	8.28
2902.0	8.29
2904.0	8.30
2906.0	8.31
2908.0	8.31
2910.0	8.32
2912.0	8.33
2914.0	8.34
2916.0	8.35
2918.0	8.36
2920.0	8.36
2922.0	8.37
2924.0	8.38
2926.0	8.39
2928.0	8.40
2930.0	8.41
2932.0	8.41
2934.0	8.42
2936.0	8.43
2938.0	8.44
2940.0	8.45
2942.0	8.46
2944.0	8.46
2946.0	8.47
2948.0	8.48
2950.0	8.49
2952.0	8.50
2954.0	8.51
2956.0	8.52
2958.0	8.52
2960.0	8.53
2962.0	8.54
2964.0	8.55
2966.0	8.56
2968.0	8.57
2970.0	8.57
2972.0	8.58
2974.0	8.59
2976.0	8.60
2978.0	8.61
2980.0	8.62
2982.0	8.62
2984.0	8.63
2986.0	8.64
2988.0	8.65
2990.0	8.66
2992.0	8.67
2994.0	8.67
2996.0	8.68
2998.0	8.69
3000.0	8.70
3002.0	8.69
3004.0	8.69
3006.0	8.68
3008.0	8.67
3010.0	8.67
3012.0	8.66
3014.0	8.65
3016.0	8.65
3018.0	8.64
3020.0	8.63
3022.0	8.63
3024.0	8.62
3026.0	8.61
3028.0	8.60
3030.0	8.60
3032.0	8.59
3034.0	8.58
3036.0	8.58
3038.0	8.57
3040.0	8.56
3042.0	8.56
3044.0	8.55
3046.0	8.54
3048.0	8.54
3050.0	8.53
3052.0	8.52
3054.0	8.52
3056.0	8.51
3058.0	8.50
3060.0	8.50
3062.0	8.49
3064.0	8.48
3066.0	8.48
3068.0	8.47
3070.0	8.46
3072.0	8.46
3074.0	8.45
3076.0	8.44
3078.0	8.43
3080.0	8.43
3082.0	8.42
3084.0	8.41
3086.0	8.41
3088.0	8.40
3090.0	8.39
3092.0	8.39
3094.0	8.38
3096.0	8.37
3098.0	8.37
3100.0	8.36
3102.0	8.35
3104.0	8.35
3106.0	8.34
3108.0	8.33
3110.0	8.33
3112.0	8.32
3114.0	8.31
3116.0	8.31
3118.0	8.30
3120.0	8.29
3122.0	8.29
3124.0	8.28
3126.0	8.27
3128.0	8.26
3130.0	8.26
3132.0	8.25
3134.0	8.24
3136.0	8.24
3138.0	8.23
3140.0	8.22
3142.0	8.22
3144.0	8.21
3146.0	8.20
3148.0	8.20
3150.0	8.19
3152.0	8.18
3154.0	8.18
3156.0	8.17
3158.0	8.16
3160.0	8.16
3162.0	8.15
3164.0	8.14
3166.0	8.14
3168.0	8.13
3170.0	8.12
3172.0	8.12
3174.0	8.11
3176.0	8.10
3178.0	8.09
3180.0	8.09
3182.0	8.08
3184.0	8.07
3186.0	8.07
3188.0	8.06
3190.0	8.05
3192.0	8.05
3194.0	8.04
3196.0	8.03
3198.0	8.03
3200.0	8.02
3202.0	8.01
3204.0	8.01
3206.0	8.00
3208.0	7.99
3210.0	7.99
3212.0	7.98
3214.0	7.97
3216.0	7.97
3218.0	7.96
3220.0	7.95
3222.0	7.95
3224.0	7.94
3226.0	7.93
3228.0	7.92
3230.0	7.92
3232.0	7.91
3234.0	7.90
3236.0	7.90
3238.0	7.89
3240.0	7.88
3242.0	7.88
3244.0	7.87
3246.0	7.86
3248.0	7.86
3250.0	7.85
3252.0	7.84
3254.0	7.84
3256.0	7.83
3258.0	7.82
3260.0	7.82
3262.0	7.81
3264.0	7.80
3266.0	7.80
3268.0	7.79
3270.0	7.78
3272.0	7.78
3274.0	7.77
3276.0	7.76
3278.0	7.75
3280.0	7.75
3282.0	7.74
3284.0	7.73
3286.0	7.73
3288.0	7.72
3290.0	7.71
3292.0	7.71
3294.0	7.70
3296.0	7.69
3298.0	7.69
3300.0	7.68
3302.0	7.67
3304.0	7.67
3306.0	7.66
3308.0	7.65
3310.0	7.65
3312.0	7.64
3314.0	7.63
3316.0	7.63
3318.0	7.62
3320.0	7.61
3322.0	7.61
3324.0	7.60
3326.0	7.59
3328.0	7.58
3330.0	7.58
3332.0	7.57
3334.0	7.56
3336.0	7.56
3338.0	7.55
3340.0	7.54
3342.0	7.54
3344.0	7.53
3346.0	7.52
3348.0	7.52
3350.0	7.51
3352.0	7.50
3354.0	7.50
3356.0	7.49
3358.0	7.48
3360.0	7.48
3362.0	7.47
3364.0	7.46
3366.0	7.46
3368.0	7.45
3370.0	7.44
3372.0	7.44
3374.0	7.43
3376.0	7.42
3378.0	7.41
3380.0	7.41
3382.0	7.40
3384.0	7.39
3386.0	7.39
3388.0	7.38
3390.0	7.37
3392.0	7.37
3394.0	7.36
3396.0	7.35
3398.0	7.35
3400.0	7.34
3402.0	7.33
3404.0	7.33
3406.0	7.32
3408.0	7.31
3410.0	7.31
3412.0	7.30
3414.0	7.29
3416.0	7.29
3418.0	7.28
3420.0	7.27
3422.0	7.27
3424.0	7.26
3426.0	7.25
3428.0	7.24
3430.0	7.24
3432.0	7.23
3434.0	7.22
3436.0	7.22
3438.0	7.21
3440.0	7.20
3442.0	7.20
3444.0	7.19
3446.0	7.18
3448.0	7.18
3450.0	7.17
3452.0	7.16
3454.0	7.16
3456.0	7.15
3458.0	7.14
3460.0	7.14
3462.0	7.13
3464.0	7.12
3466.0	7.12
3468.0	7.11
3470.0	7.10
3472.0	7.10
3474.0	7.09
3476.0	7.08
3478.0	7.07
3480.0	7.07
3482.0	7.06
3484.0	7.05
3486.0	7.05
3488.0	7.04
3490.0	7.03
3492.0	7.03
3494.0	7.02
3496.0	7.01
3498.0	7.01
3500.0	7.00
3502.0	6.99
3504.0	6.98
3506.0	6.98
3508.0	6.97
3510.0	6.96
3512.0	6.95
3514.0	6.94
3516.0	6.94
3518.0	6.93
3520.0	6.92
3522.0	6.91
3524.0	6.90
3526.0	6.90
3528.0	6.89
3530.0	6.88
3532.0	6.87
3534.0	6.86
3536.0	6.86
3538.0	6.85
3540.0	6.84
3542.0	6.83
3544.0	6.82
3546.0	6.82
3548.0	6.81
3550.0	6.80
3552.0	6.79
3554.0	6.78
3556.0	6.78
3558.0	6.77
3560.0	6.76
3562.0	6.75
3564.0	6.74
3566.0	6.74
3568.0	6.73
3570.0	6.72
3572.0	6.71
3574.0	6.70
3576.0	6.70
3578.0	6.69
3580.0	6.68
3582.0	6.67
3584.0	6.66
3586.0	6.66
3588.0	6.65
3590.0	6.64
3592.0	6.63
3594.0	6.62
3596.0	6.62
3598.0	6.61
3600.0	6.60
3602.0	6.59
3604.0	6.58
3606.0	6.58
3608.0	6.57
3610.0	6.56
3612.0	6.55
3614.0	6.54
3616.0	6.54
3618.0	6.53
3620.0	6.52
3622.0	6.51
3624.0	6.50
3626.0	6.50
3628.0	6.49
3630.0	6.48
3632.0	6.47
3634.0	6.46
3636.0	6.46
3638.0	6.45
3640.0	6.44
3642.0	6.43
3644.0	6.42
3646.0	6.42
3648.0	6.41
3650.0	6.40
3652.0	6.39
3654.0	6.38
3656.0	6.38
3658.0	6.37
3660.0	6.36
3662.0	6.35
3664.0	6.34
3666.0	6.34
3668.0	6.33
3670.0	6.32
3672.0	6.31
3674.0	6.30
3676.0	6.30
3678.0	6.29
3680.0	6.28
3682.0	6.27
3684.0	6.26
3686.0	6.26
3688.0	6.25
3690.0	6.24
3692.0	6.23
3694.0	6.22
3696.0	6.22
3698.0	6.21
3700.0	6.20
3702.0	6.19
3704.0	6.18
3706.0	6.18
3708.0	6.17
3710.0	6.16
3712.0	6.15
3714.0	6.14
3716.0	6.14
3718.0	6.13
3720.0	6.12
3722.0	6.11
3724.0	6.10
3726.0	6.10
3728.0	6.09
3730.0	6.08
3732.0	6.07
3734.0	6.06
3736.0	6.06
3738.0	6.05
3740.0	6.04
3742.0	6.03
3744.0	6.02
3746.0	6.02
3748.0	6.01
3750.0	6.00
3752.0	5.99
3754.0	5.98
3756.0	5.98
3758.0	5.97
3760.0	5.96
3762.0	5.95
3764.0	5.94
3766.0	5.94
3768.0	5.93
3770.0	5.92
3772.0	5.91
3774.0	5.90
3776.0	5.90
3778.0	5.89
3780.0	5.88
3782.0	5.87
3784.0	5.86
3786.0	5.86
3788.0	5.85
3790.0	5.84
3792.0	5.83
3794.0	5.82
3796.0	5.82
3798.0	5.81
3800.0	5.80
3802.0	5.79
3804.0	5.78
3806.0	5.78
3808.0	5.77
3810.0	5.76
3812.0	5.75
3814.0	5.74
3816.0	5.74
3818.0	5.73
3820.0	5.72
3822.0	5.71
3824.0	5.70
3826.0	5.70
3828.0	5.69
3830.0	5.68
3832.0	5.67
3834.0	5.66
3836.0	5.66
3838.0	5.65
3840.0	5.64
3842.0	5.63
3844.0	5.62
3846.0	5.62
3848.0	5.61
3850.0	5.60
3852.0	5.59
3854.0	5.58
3856.0	5.58
3858.0	5.57
3860.0	5.56
3862.0	5.55
3864.0	5.54
3866.0	5.54
3868.0	5.53
3870.0	5.52
3872.0	5.51
3874.0	5.50
3876.0	5.50
3878.0	5.49
3880.0	5.48
3882.0	5.47
3884.0	5.46
3886.0	5.46
3888.0	5.45
3890.0	5.44
3892.0	5.43
3894.0	5.42
3896.0	5.42
3898.0	5.41
3900.0	5.40
3902.0	5.39
3904.0	5.38
3906.0	5.38
3908.0	5.37
3910.0	5.36
3912.0	5.35
3914.0	5.34
3916.0	5.34
3918.0	5.33
3920.0	5.32
3922.0	5.31
3924.0	5.30
3926.0	5.30
3928.0	5.29
3930.0	5.28
3932.0	5.27
3934.0	5.26
3936.0	5.26
3938.0	5.25
3940.0	5.24
3942.0	5.23
3944.0	5.22
3946.0	5.22
3948.0	5.21
3950.0	5.20
3952.0	5.19
3954.0	5.18
3956.0	5.18
3958.0	5.17
3960.0	5.16
3962.0	5.15
3964.0	5.14
3966.0	5.14
3968.0	5.13
3970.0	5.12
3972.0	5.11
3974.0	5.10
3976.0	5.10
3978.0	5.09
3980.0	5.08
3982.0	5.07
3984.0	5.06
3986.0	5.06
3988.0	5.05
3990.0	5.04
3992.0	5.03
3994.0	5.02
3996.0	5.02
3998.0	5.01
4000.0	5.00
4002.0	5.00
4004.0	4.99
4006.0	4.99
4008.0	4.98
4010.0	4.98
4012.0	4.98
4014.0	4.97
4016.0	4.97
4018.0	4.96
4020.0	4.96
4022.0	4.96
4024.0	4.95
4026.0	4.95
4028.0	4.94
4030.0	4.94
4032.0	4.94
4034.0	4.93
4036.0	4.93
4038.0	4.92
4040.0	4.92
4042.0	4.92
4044.0	4.91
4046.0	4.91
4048.0	4.90
4050.0	4.90
4052.0	4.90
4054.0	4.89
4056.0	4.89
4058.0	4.88
4060.0	4.88
4062.0	4.88
4064.0	4.87
4066.0	4.87
4068.0	4.86
4070.0	4.86
4072.0	4.86
4074.0	4.85
4076.0	4.85
4078.0	4.84
4080.0	4.84
4082.0	4.84
4084.0	4.83
4086.0	4.83
4088.0	4.82
4090.0	4.82
4092.0	4.82
4094.0	4.81
4096.0	4.81
4098.0	4.80
4100.0	4.80
4102.0	4.80
4104.0	4.79
4106.0	4.79
4108.0	4.78
4110.0	4.78
4112.0	4.78
4114.0	4.77
4116.0	4.77
4118.0	4.76
4120.0	4.76
4122.0	4.76
4124.0	4.75
4126.0	4.75
4128.0	4.74
4130.0	4.74
4132.0	4.74
4134.0	4.73
4136.0	4.73
4138.0	4.72
4140.0	4.72
4142.0	4.72
4144.0	4.71
4146.0	4.71
4148.0	4.70
4150.0	4.70
4152.0	4.70
4154.0	4.69
4156.0	4.69
4158.0	4.68
4160.0	4.68
4162.0	4.68
4164.0	4.67
4166.0	4.67
4168.0	4.66
4170.0	4.66
4172.0	4.66
4174.0	4.65
4176.0	4.65
4178.0	4.64
4180.0	4.64
4182.0	4.64
4184.0	4.63
4186.0	4.63
4188.0	4.62
4190.0	4.62
4192.0	4.62
4194.0	4.61
4196.0	4.61
4198.0	4.60
4200.0	4.60
4202.0	4.60
4204.0	4.59
4206.0	4.59
4208.0	4.58
4210.0	4.58
4212.0	4.58
4214.0	4.57
4216.0	4.57
4218.0	4.56
4220.0	4.56
4222.0	4.56
4224.0	4.55
4226.0	4.55
4228.0	4.54
4230.0	4.54
4232.0	4.54
4234.0	4.53
4236.0	4.53
4238.0	4.52
4240.0	4.52
4242.0	4.52
4244.0	4.51
4246.0	4.51
4248.0	4.50
4250.0	4.50
4252.0	4.50
4254.0	4.49
4256.0	4.49
4258.0	4.48
4260.0	4.48
4262.0	4.48
4264.0	4.47
4266.0	4.47
4268.0	4.46
4270.0	4.46
4272.0	4.46
4274.0	4.45
4276.0	4.45
4278.0	4.44
4280.0	4.44
4282.0	4.44
4284.0	4.43
4286.0	4.43
4288.0	4.42
4290.0	4.42
4292.0	4.42
4294.0	4.41
4296.0	4.41
4298.0	4.40
4300.0	4.40
4302.0	4.40
4304.0	4.39
4306.0	4.39
4308.0	4.38
4310.0	4.38
4312.0	4.38
4314.0	4.37
4316.0	4.37
4318.0	4.36
4320.0	4.36
4322.0	4.36
4324.0	4.35
4326.0	4.35
4328.0	4.34
4330.0	4.34
4332.0	4.34
4334.0	4.33
4336.0	4.33
4338.0	4.32
4340.0	4.32
4342.0	4.32
4344.0	4.31
4346.0	4.31
4348.0	4.30
4350.0	4.30
4352.0	4.30
4354.0	4.29
4356.0	4.29
4358.0	4.28
4360.0	4.28
4362.0	4.28
4364.0	4.27
4366.0	4.27
4368.0	4.26
4370.0	4.26
4372.0	4.26
4374.0	4.25
4376.0	4.25
4378.0	4.24
4380.0	4.24
4382.0	4.24
4384.0	4.23
4386.0	4.23
4388.0	4.22
4390.0	4.22
4392.0	4.22
4394.0	4.21
4396.0	4.21
4398.0	4.20
4400.0	4.20
4402.0	4.20
4404.0	4.19
4406.0	4.19
4408.0	4.18
4410.0	4.18
4412.0	4.18
4414.0	4.17
4416.0	4.17
4418.0	4.16
4420.0	4.16
4422.0	4.16
4424.0	4.15
4426.0	4.15
4428.0	4.14
4430.0	4.14
4432.0	4.14
4434.0	4.13
4436.0	4.13
4438.0	4.12
4440.0	4.12
4442.0	4.12
4444.0	4.11
4446.0	4.11
4448.0	4.10
4450.0	4.10
4452.0	4.10
4454.0	4.09
4456.0	4.09
4458.0	4.08
4460.0	4.08
4462.0	4.08
4464.0	4.07
4466.0	4.07
4468.0	4.06
4470.0	4.06
4472.0	4.06
4474.0	4.05
4476.0	4.05
4478.0	4.04
4480.0	4.04
4482.0	4.04
4484.0	4.03
4486.0	4.03
4488.0	4.02
4490.0	4.02
4492.0	4.02
4494.0	4.01
4496.0	4.01
4498.0	4.00
4500.0	4.00
4502.0	4.00
4504.0	3.99
4506.0	3.99
4508.0	3.98
4510.0	3.98
4512.0	3.98
4514.0	3.97
4516.0	3.97
4518.0	3.96
4520.0	3.96
4522.0	3.96
4524.0	3.95
4526.0	3.95
4528.0	3.94
4530.0	3.94
4532.0	3.94
4534.0	3.93
4536.0	3.93
4538.0	3.92
4540.0	3.92
4542.0	3.92
4544.0	3.91
4546.0	3.91
4548.0	3.90
4550.0	3.90
4552.0	3.90
4554.0	3.89
4556.0	3.89
4558.0	3.88
4560.0	3.88
4562.0	3.88
4564.0	3.87
4566.0	3.87
4568.0	3.86
4570.0	3.86
4572.0	3.86
4574.0	3.85
4576.0	3.85
4578.0	3.84
4580.0	3.84
4582.0	3.84
4584.0	3.83
4586.0	3.83
4588.0	3.82
4590.0	3.82
4592.0	3.82
4594.0	3.81
4596.0	3.81
4598.0	3.80
4600.0	3.80
4602.0	3.80
4604.0	3.79
4606.0	3.79
4608.0	3.78
4610.0	3.78
4612.0	3.78
4614.0	3.77
4616.0	3.77
4618.0	3.76
4620.0	3.76
4622.0	3.76
4624.0	3.75
4626.0	3.75
4628.0	3.74
4630.0	3.74
4632.0	3.74
4634.0	3.73
4636.0	3.73
4638.0	3.72
4640.0	3.72
4642.0	3.72
4644.0	3.71
4646.0	3.71
4648.0	3.70
4650.0	3.70
4652.0	3.70
4654.0	3.69
4656.0	3.69
4658.0	3.68
4660.0	3.68
4662.0	3.68
4664.0	3.67
4666.0	3.67
4668.0	3.66
4670.0	3.66
4672.0	3.66
4674.0	3.65
4676.0	3.65
4678.0	3.64
4680.0	3.64
4682.0	3.64
4684.0	3.63
4686.0	3.63
4688.0	3.62
4690.0	3.62
4692.0	3.62
4694.0	3.61
4696.0	3.61
4698.0	3.60
4700.0	3.60
4702.0	3.60
4704.0	3.59
4706.0	3.59
4708.0	3.58
4710.0	3.58
4712.0	3.58
4714.0	3.57
4716.0	3.57
4718.0	3.56
4720.0	3.56
4722.0	3.56
4724.0	3.55
4726.0	3.55
4728.0	3.54
4730.0	3.54
4732.0	3.54
4734.0	3.53
4736.0	3.53
4738.0	3.52
4740.0	3.52
4742.0	3.52
4744.0	3.51
4746.0	3.51
4748.0	3.50
4750.0	3.50
4752.0	3.50
4754.0	3.49
4756.0	3.49
4758.0	3.48
4760.0	3.48
4762.0	3.48
4764.0	3.47
4766.0	3.47
4768.0	3.46
4770.0	3.46
4772.0	3.46
4774.0	3.45
4776.0	3.45
4778.0	3.44
4780.0	3.44
4782.0	3.44
4784.0	3.43
4786.0	3.43
4788.0	3.42
4790.0	3.42
4792.0	3.42
4794.0	3.41
4796.0	3.41
4798.0	3.40
4800.0	3.40
4802.0	3.40
4804.0	3.39
4806.0	3.39
4808.0	3.38
4810.0	3.38
4812.0	3.38
4814.0	3.37
4816.0	3.37
4818.0	3.36
4820.0	3.36
4822.0	3.36
4824.0	3.35
4826.0	3.35
4828.0	3.34
4830.0	3.34
4832.0	3.34
4834.0	3.33
4836.0	3.33
4838.0	3.32
4840.0	3.32
4842.0	3.32
4844.0	3.31
4846.0	3.31
4848.0	3.30
4850.0	3.30
4852.0	3.30
4854.0	3.29
4856.0	3.29
4858.0	3.28
4860.0	3.28
4862.0	3.28
4864.0	3.27
4866.0	3.27
4868.0	3.26
4870.0	3.26
4872.0	3.26
4874.0	3.25
4876.0	3.25
4878.0	3.24
4880.0	3.24
4882.0	3.24
4884.0	3.23
4886.0	3.23
4888.0	3.22
4890.0	3.22
4892.0	3.22
4894.0	3.21
4896.0	3.21
4898.0	3.20
4900.0	3.20
4902.0	3.20
4904.0	3.19
4906.0	3.19
4908.0	3.18
4910.0	3.18
4912.0	3.18
4914.0	3.17
4916.0	3.17
4918.0	3.16
4920.0	3.16
4922.0	3.16
4924.0	3.15
4926.0	3.15
4928.0	3.14
4930.0	3.14
4932.0	3.14
4934.0	3.13
4936.0	3.13
4938.0	3.12
4940.0	3.12
4942.0	3.12
4944.0	3.11
4946.0	3.11
4948.0	3.10
4950.0	3.10
4952.0	3.10
4954.0	3.09
4956.0	3.09
4958.0	3.08
4960.0	3.08
4962.0	3.08
4964.0	3.07
4966.0	3.07
4968.0	3.06
4970.0	3.06
4972.0	3.06
4974.0	3.05
4976.0	3.05
4978.0	3.04
4980.0	3.04
4982.0	3.04
4984.0	3.03
4986.0	3.03
4988.0	3.02
4990.0	3.02
4992.0	3.02
4994.0	3.01
4996.0	3.01
4998.0	3.00
5000.0	3.00
5002.0	3.00
5004.0	2.99
5006.0	2.99
5008.0	2.99
5010.0	2.98
5012.0	2.98
5014.0	2.98
5016.0	2.98
5018.0	2.97
5020.0	2.97
5022.0	2.97
5024.0	2.96
5026.0	2.96
5028.0	2.96
5030.0	2.96
5032.0	2.95
5034.0	2.95
5036.0	2.95
5038.0	2.94
5040.0	2.94
5042.0	2.94
5044.0	2.93
5046.0	2.93
5048.0	2.93
5050.0	2.92
5052.0	2.92
5054.0	2.92
5056.0	2.92
5058.0	2.91
5060.0	2.91
5062.0	2.91
5064.0	2.90
5066.0	2.90
5068.0	2.90
5070.0	2.90
5072.0	2.89
5074.0	2.89
5076.0	2.89
5078.0	2.88
5080.0	2.88
5082.0	2.88
5084.0	2.87
5086.0	2.87
5088.0	2.87
5090.0	2.87
5092.0	2.86
5094.0	2.86
5096.0	2.86
5098.0	2.85
5100.0	2.85
5102.0	2.85
5104.0	2.84
5106.0	2.84
5108.0	2.84
5110.0	2.83
5112.0	2.83
5114.0	2.83
5116.0	2.83
5118.0	2.82
5120.0	2.82
5122.0	2.82
5124.0	2.81
5126.0	2.81
5128.0	2.81
5130.0	2.81
5132.0	2.80
5134.0	2.80
5136.0	2.80
5138.0	2.79
5140.0	2.79
5142.0	2.79
5144.0	2.78
5146.0	2.78
5148.0	2.78
5150.0	2.77
5152.0	2.77
5154.0	2.77
5156.0	2.77
5158.0	2.76
5160.0	2.76
5162.0	2.76
5164.0	2.75
5166.0	2.75
5168.0	2.75
5170.0	2.75
5172.0	2.74
5174.0	2.74
5176.0	2.74
5178.0	2.73
5180.0	2.73
5182.0	2.73
5184.0	2.72
5186.0	2.72
5188.0	2.72
5190.0	2.71
5192.0	2.71
5194.0	2.71
5196.0	2.71
5198.0	2.70
5200.0	2.70
5202.0	2.70
5204.0	2.69
5206.0	2.69
5208.0	2.69
5210.0	2.69
5212.0	2.68
5214.0	2.68
5216.0	2.68
5218.0	2.67
5220.0	2.67
5222.0	2.67
5224.0	2.66
5226.0	2.66
5228.0	2.66
5230.0	2.65
5232.0	2.65
5234.0	2.65
5236.0	2.65
5238.0	2.64
5240.0	2.64
5242.0	2.64
5244.0	2.63
5246.0	2.63
5248.0	2.63
5250.0	2.62
5252.0	2.62
5254.0	2.62
5256.0	2.62
5258.0	2.61
5260.0	2.61
5262.0	2.61
5264.0	2.60
5266.0	2.60
5268.0	2.60
5270.0	2.59
5272.0	2.59
5274.0	2.59
5276.0	2.59
5278.0	2.58
5280.0	2.58
5282.0	2.58
5284.0	2.57
5286.0	2.57
5288.0	2.57
5290.0	2.56
5292.0	2.56
5294.0	2.56
5296.0	2.56
5298.0	2.55
5300.0	2.55
5302.0	2.55
5304.0	2.54
5306.0	2.54
5308.0	2.54
5310.0	2.54
5312.0	2.53
5314.0	2.53
5316.0	2.53
5318.0	2.52
5320.0	2.52
5322.0	2.52
5324.0	2.51
5326.0	2.51
5328.0	2.51
5330.0	2.50
5332.0	2.50
5334.0	2.50
5336.0	2.50
5338.0	2.49
5340.0	2.49
5342.0	2.49
5344.0	2.48
5346.0	2.48
5348.0	2.48
5350.0	2.48
5352.0	2.47
5354.0	2.47
5356.0	2.47
5358.0	2.46
5360.0	2.46
5362.0	2.46
5364.0	2.45
5366.0	2.45
5368.0	2.45
5370.0	2.44
5372.0	2.44
5374.0	2.44
5376.0	2.44
5378.0	2.43
5380.0	2.43
5382.0	2.43
5384.0	2.42
5386.0	2.42
5388.0	2.42
5390.0	2.42
5392.0	2.41
5394.0	2.41
5396.0	2.41
5398.0	2.40
5400.0	2.40
5402.0	2.40
5404.0	2.39
5406.0	2.39
5408.0	2.39
5410.0	2.38
5412.0	2.38
5414.0	2.38
5416.0	2.38
5418.0	2.37
5420.0	2.37
5422.0	2.37
5424.0	2.36
5426.0	2.36
5428.0	2.36
5430.0	2.35
5432.0	2.35
5434.0	2.35
5436.0	2.35
5438.0	2.34
5440.0	2.34
5442.0	2.34
5444.0	2.33
5446.0	2.33
5448.0	2.33
5450.0	2.33
5452.0	2.32
5454.0	2.32
5456.0	2.32
5458.0	2.31
5460.0	2.31
5462.0	2.31
5464.0	2.30
5466.0	2.30
5468.0	2.30
5470.0	2.29
5472.0	2.29
5474.0	2.29
5476.0	2.29
5478.0	2.28
5480.0	2.28
5482.0	2.28
5484.0	2.27
5486.0	2.27
5488.0	2.27
5490.0	2.27
5492.0	2.26
5494.0	2.26
5496.0	2.26
5498.0	2.25
5500.0	2.25
5502.0	2.25
5504.0	2.24
5506.0	2.24
5508.0	2.24
5510.0	2.23
5512.0	2.23
5514.0	2.23
5516.0	2.23
5518.0	2.22
5520.0	2.22
5522.0	2.22
5524.0	2.21
5526.0	2.21
5528.0	2.21
5530.0	2.21
5532.0	2.20
5534.0	2.20
5536.0	2.20
5538.0	2.19
5540.0	2.19
5542.0	2.19
5544.0	2.18
5546.0	2.18
5548.0	2.18
5550.0	2.17
5552.0	2.17
5554.0	2.17
5556.0	2.17
5558.0	2.16
5560.0	2.16
5562.0	2.16
5564.0	2.15
5566.0	2.15
5568.0	2.15
5570.0	2.15
5572.0	2.14
5574.0	2.14
5576.0	2.14
5578.0	2.13
5580.0	2.13
5582.0	2.13
5584.0	2.12
5586.0	2.12
5588.0	2.12
5590.0	2.12
5592.0	2.11
5594.0	2.11
5596.0	2.11
5598.0	2.10
5600.0	2.10
5602.0	2.10
5604.0	2.09
5606.0	2.09
5608.0	2.09
5610.0	2.08
5612.0	2.08
5614.0	2.08
5616.0	2.08
5618.0	2.07
5620.0	2.07
5622.0	2.07
5624.0	2.06
5626.0	2.06
5628.0	2.06
5630.0	2.05
5632.0	2.05
5634.0	2.05
5636.0	2.05
5638.0	2.04
5640.0	2.04
5642.0	2.04
5644.0	2.03
5646.0	2.03
5648.0	2.03
5650.0	2.02
5652.0	2.02
5654.0	2.02
5656.0	2.02
5658.0	2.01
5660.0	2.01
5662.0	2.01
5664.0	2.00
5666.0	2.00
5668.0	2.00
5670.0	1.99
5672.0	1.99
5674.0	1.99
5676.0	1.99
5678.0	1.98
5680.0	1.98
5682.0	1.98
5684.0	1.97
5686.0	1.97
5688.0	1.97
5690.0	1.97
5692.0	1.96
5694.0	1.96
5696.0	1.96
5698.0	1.95
5700.0	1.95
5702.0	1.95
5704.0	1.94
5706.0	1.94
5708.0	1.94
5710.0	1.94
5712.0	1.93
5714.0	1.93
5716.0	1.93
5718.0	1.92
5720.0	1.92
5722.0	1.92
5724.0	1.91
5726.0	1.91
5728.0	1.91
5730.0	1.91
5732.0	1.90
5734.0	1.90
5736.0	1.90
5738.0	1.89
5740.0	1.89
5742.0	1.89
5744.0	1.88
5746.0	1.88
5748.0	1.88
5750.0	1.88
5752.0	1.87
5754.0	1.87
5756.0	1.87
5758.0	1.86
5760.0	1.86
5762.0	1.86
5764.0	1.85
5766.0	1.85
5768.0	1.85
5770.0	1.84
5772.0	1.84
5774.0	1.84
5776.0	1.84
5778.0	1.83
5780.0	1.83
5782.0	1.83
5784.0	1.82
5786.0	1.82
5788.0	1.82
5790.0	1.81
5792.0	1.81
5794.0	1.81
5796.0	1.81
5798.0	1.80
5800.0	1.80
5802.0	1.80
5804.0	1.79
5806.0	1.79
5808.0	1.79
5810.0	1.78
5812.0	1.78
5814.0	1.78
5816.0	1.78
5818.0	1.77
5820.0	1.77
5822.0	1.77
5824.0	1.76
5826.0	1.76
5828.0	1.76
5830.0	1.75
5832.0	1.75
5834.0	1.75
5836.0	1.75
5838.0	1.74
5840.0	1.74
5842.0	1.74
5844.0	1.73
5846.0	1.73
5848.0	1.73
5850.0	1.72
5852.0	1.72
5854.0	1.72
5856.0	1.72
5858.0	1.71
5860.0	1.71
5862.0	1.71
5864.0	1.70
5866.0	1.70
5868.0	1.70
5870.0	1.70
5872.0	1.69
5874.0	1.69
5876.0	1.69
5878.0	1.68
5880.0	1.68
5882.0	1.68
5884.0	1.67
5886.0	1.67
5888.0	1.67
5890.0	1.67
5892.0	1.66
5894.0	1.66
5896.0	1.66
5898.0	1.65
5900.0	1.65
5902.0	1.65
5904.0	1.64
5906.0	1.64
5908.0	1.64
5910.0	1.64
5912.0	1.63
5914.0	1.63
5916.0	1.63
5918.0	1.62
5920.0	1.62
5922.0	1.62
5924.0	1.61
5926.0	1.61
5928.0	1.61
5930.0	1.60
5932.0	1.60
5934.0	1.60
5936.0	1.60
5938.0	1.59
5940.0	1.59
5942.0	1.59
5944.0	1.58
5946.0	1.58
5948.0	1.58
5950.0	1.57
5952.0	1.57
5954.0	1.57
5956.0	1.57
5958.0	1.56
5960.0	1.56
5962.0	1.56
5964.0	1.55
5966.0	1.55
5968.0	1.55
5970.0	1.54
5972.0	1.54
5974.0	1.54
5976.0	1.54
5978.0	1.53
5980.0	1.53
5982.0	1.53
5984.0	1.52
5986.0	1.52
5988.0	1.52
5990.0	1.51
5992.0	1.51
5994.0	1.51
5996.0	1.51
5998.0	1.50
6000.0	1.50
6002.0	1.50
6004.0	1.49
6006.0	1.49
6008.0	1.49
6010.0	1.49
6012.0	1.48
6014.0	1.48
6016.0	1.48
6018.0	1.47
6020.0	1.47
6022.0	1.47
6024.0	1.46
6026.0	1.46
6028.0	1.46
6030.0	1.46
6032.0	1.45
6034.0	1.45
6036.0	1.45
6038.0	1.44
6040.0	1.44
6042.0	1.44
6044.0	1.43
6046.0	1.43
6048.0	1.43
6050.0	1.43
6052.0	1.42
6054.0	1.42
6056.0	1.42
6058.0	1.41
6060.0	1.41
6062.0	1.41
6064.0	1.40
6066.0	1.40
6068.0	1.40
6070.0	1.40
6072.0	1.39
6074.0	1.39
6076.0	1.39
6078.0	1.38
6080.0	1.38
6082.0	1.38
6084.0	1.37
6086.0	1.37
6088.0	1.37
6090.0	1.36
6092.0	1.36
6094.0	1.36
6096.0	1.36
6098.0	1.35
6100.0	1.35
6102.0	1.35
6104.0	1.34
6106.0	1.34
6108.0	1.34
6110.0	1.33
6112.0	1.33
6114.0	1.33
6116.0	1.33
6118.0	1.32
6120.0	1.32
6122.0	1.32
6124.0	1.31
6126.0	1.31
6128.0	1.31
6130.0	1.30
6132.0	1.30
6134.0	1.30
6136.0	1.30
6138.0	1.29
6140.0	1.29
6142.0	1.29
6144.0	1.28
6146.0	1.28
6148.0	1.28
6150.0	1.27
6152.0	1.27
6154.0	1.27
6156.0	1.27
6158.0	1.26
6160.0	1.26
6162.0	1.26
6164.0	1.25
6166.0	1.25
6168.0	1.25
6170.0	1.25
6172.0	1.24
6174.0	1.24
6176.0	1.24
6178.0	1.23
6180.0	1.23
6182.0	1.23
6184.0	1.22
6186.0	1.22
6188.0	1.22
6190.0	1.21
6192.0	1.21
6194.0	1.21
6196.0	1.21
6198.0	1.20
6200.0	1.20
6202.0	1.20
6204.0	1.19
6206.0	1.19
6208.0	1.19
6210.0	1.19
6212.0	1.18
6214.0	1.18
6216.0	1.18
6218.0	1.17
6220.0	1.17
6222.0	1.17
6224.0	1.16
6226.0	1.16
6228.0	1.16
6230.0	1.16
6232.0	1.15
6234.0	1.15
6236.0	1.15
6238.0	1.14
6240.0	1.14
6242.0	1.14
6244.0	1.13
6246.0	1.13
6248.0	1.13
6250.0	1.12
6252.0	1.12
6254.0	1.12
6256.0	1.12
6258.0	1.11
6260.0	1.11
6262.0	1.11
6264.0	1.10
6266.0	1.10
6268.0	1.10
6270.0	1.09
6272.0	1.09
6274.0	1.09
6276.0	1.09
6278.0	1.08
6280.0	1.08
6282.0	1.08
6284.0	1.07
6286.0	1.07
6288.0	1.07
6290.0	1.06
6292.0	1.06
6294.0	1.06
6296.0	1.06
6298.0	1.05
6300.0	1.05
6302.0	1.05
6304.0	1.04
6306.0	1.04
6308.0	1.04
6310.0	1.03
6312.0	1.03
6314.0	1.03
6316.0	1.03
6318.0	1.02
6320.0	1.02
6322.0	1.02
6324.0	1.01
6326.0	1.01
6328.0	1.01
6330.0	1.00
6332.0	1.00
6334.0	1.00
6336.0	1.00
6338.0	0.99
6340.0	0.99
6342.0	0.99
6344.0	0.98
6346.0	0.98
6348.0	0.98
6350.0	0.97
6352.0	0.97
6354.0	0.97
6356.0	0.97
6358.0	0.96
6360.0	0.96
6362.0	0.96
6364.0	0.95
6366.0	0.95
6368.0	0.95
6370.0	0.94
6372.0	0.94
6374.0	0.94
6376.0	0.94
6378.0	0.93
6380.0	0.93
6382.0	0.93
6384.0	0.92
6386.0	0.92
6388.0	0.92
6390.0	0.92
6392.0	0.91
6394.0	0.91
6396.0	0.91
6398.0	0.90
6400.0	0.90
6402.0	0.90
6404.0	0.89
6406.0	0.89
6408.0	0.89
6410.0	0.89
6412.0	0.88
6414.0	0.88
6416.0	0.88
6418.0	0.87
6420.0	0.87
6422.0	0.87
6424.0	0.86
6426.0	0.86
6428.0	0.86
6430.0	0.85
6432.0	0.85
6434.0	0.85
6436.0	0.85
6438.0	0.84
6440.0	0.84
6442.0	0.84
6444.0	0.83
6446.0	0.83
6448.0	0.83
6450.0	0.82
6452.0	0.82
6454.0	0.82
6456.0	0.82
6458.0	0.81
6460.0	0.81
6462.0	0.81
6464.0	0.80
6466.0	0.80
6468.0	0.80
6470.0	0.80
6472.0	0.79
6474.0	0.79
6476.0	0.79
6478.0	0.78
6480.0	0.78
6482.0	0.78
6484.0	0.77
6486.0	0.77
6488.0	0.77
6490.0	0.77
6492.0	0.76
6494.0	0.76
6496.0	0.76
6498.0	0.75
6500.0	0.75
6502.0	0.75
6504.0	0.74
6506.0	0.74
6508.0	0.74
6510.0	0.73
6512.0	0.73
6514.0	0.73
6516.0	0.73
6518.0	0.72
6520.0	0.72
6522.0	0.72
6524.0	0.71
6526.0	0.71
6528.0	0.71
6530.0	0.70
6532.0	0.70
6534.0	0.70
6536.0	0.70
6538.0	0.69
6540.0	0.69
6542.0	0.69
6544.0	0.68
6546.0	0.68
6548.0	0.68
6550.0	0.67
6552.0	0.67
6554.0	0.67
6556.0	0.67
6558.0	0.66
6560.0	0.66
6562.0	0.66
6564.0	0.65
6566.0	0.65
6568.0	0.65
6570.0	0.65
6572.0	0.64
6574.0	0.64
6576.0	0.64
6578.0	0.63
6580.0	0.63
6582.0	0.63
6584.0	0.62
6586.0	0.62
6588.0	0.62
6590.0	0.61
6592.0	0.61
6594.0	0.61
6596.0	0.61
6598.0	0.60
6600.0	0.60
6602.0	0.60
6604.0	0.59
6606.0	0.59
6608.0	0.59
6610.0	0.58
6612.0	0.58
6614.0	0.58
6616.0	0.58
6618.0	0.57
6620.0	0.57
6622.0	0.57
6624.0	0.56
6626.0	0.56
6628.0	0.56
6630.0	0.55
6632.0	0.55
6634.0	0.55
6636.0	0.55
6638.0	0.54
6640.0	0.54
6642.0	0.54
6644.0	0.53
6646.0	0.53
6648.0	0.53
6650.0	0.53
6652.0	0.52
6654.0	0.52
6656.0	0.52
6658.0	0.51
6660.0	0.51
6662.0	0.51
6664.0	0.50
6666.0	0.50
6668.0	0.50
6670.0	0.49
6672.0	0.49
6674.0	0.49
6676.0	0.49
6678.0	0.48
6680.0	0.48
6682.0	0.48
6684.0	0.47
6686.0	0.47
6688.0	0.47
6690.0	0.47
6692.0	0.46
6694.0	0.46
6696.0	0.46
6698.0	0.45
6700.0	0.45
6702.0	0.45
6704.0	0.44
6706.0	0.44
6708.0	0.44
6710.0	0.44
6712.0	0.43
6714.0	0.43
6716.0	0.43
6718.0	0.42
6720.0	0.42
6722.0	0.42
6724.0	0.41
6726.0	0.41
6728.0	0.41
6730.0	0.41
6732.0	0.40
6734.0	0.40
6736.0	0.40
6738.0	0.39
6740.0	0.39
6742.0	0.39
6744.0	0.38
6746.0	0.38
6748.0	0.38
6750.0	0.38
6752.0	0.37
6754.0	0.37
6756.0	0.37
6758.0	0.36
6760.0	0.36
6762.0	0.36
6764.0	0.35
6766.0	0.35
6768.0	0.35
6770.0	0.34
6772.0	0.34
6774.0	0.34
6776.0	0.34
6778.0	0.33
6780.0	0.33
6782.0	0.33
6784.0	0.32
6786.0	0.32
6788.0	0.32
6790.0	0.31
6792.0	0.31
6794.0	0.31
6796.0	0.31
6798.0	0.30
6800.0	0.30
6802.0	0.30
6804.0	0.29
6806.0	0.29
6808.0	0.29
6810.0	0.28
6812.0	0.28
6814.0	0.28
6816.0	0.28
6818.0	0.27
6820.0	0.27
6822.0	0.27
6824.0	0.26
6826.0	0.26
6828.0	0.26
6830.0	0.25
6832.0	0.25
6834.0	0.25
6836.0	0.25
6838.0	0.24
6840.0	0.24
6842.0	0.24
6844.0	0.23
6846.0	0.23
6848.0	0.23
6850.0	0.22
6852.0	0.22
6854.0	0.22
6856.0	0.22
6858.0	0.21
6860.0	0.21
6862.0	0.21
6864.0	0.20
6866.0	0.20
6868.0	0.20
6870.0	0.20
6872.0	0.19
6874.0	0.19
6876.0	0.19
6878.0	0.18
6880.0	0.18
6882.0	0.18
6884.0	0.17
6886.0	0.17
6888.0	0.17
6890.0	0.17
6892.0	0.16
6894.0	0.16
6896.0	0.16
6898.0	0.15
6900.0	0.15
6902.0	0.15
6904.0	0.14
6906.0	0.14
6908.0	0.14
6910.0	0.14
6912.0	0.13
6914.0	0.13
6916.0	0.13
6918.0	0.12
6920.0	0.12
6922.0	0.12
6924.0	0.11
6926.0	0.11
6928.0	0.11
6930.0	0.10
6932.0	0.10
6934.0	0.10
6936.0	0.10
6938.0	0.09
6940.0	0.09
6942.0	0.09
6944.0	0.08
6946.0	0.08
6948.0	0.08
6950.0	0.07
6952.0	0.07
6954.0	0.07
6956.0	0.07
6958.0	0.06
6960.0	0.06
6962.0	0.06
6964.0	0.05
6966.0	0.05
6968.0	0.05
6970.0	0.04
6972.0	0.04
6974.0	0.04
6976.0	0.04
6978.0	0.03
6980.0	0.03
6982.0	0.03
6984.0	0.02
6986.0	0.02
6988.0	0.02
6990.0	0.01
6992.0	0.01
6994.0	0.01
6996.0	0.01
6998.0	0.00
7000.0	0.00
7002.0	0.00
7004.0	0.00
7006.0	0.00
7008.0	0.00
7010.0	0.00
7012.0	0.00
7014.0	0.00
7016.0	0.00
7018.0	0.00
7020.0	0.00
7022.0	0.00
7024.0	0.00
7026.0	0.00
7028.0	0.00
7030.0	0.00
7032.0	0.00
7034.0	0.00
7036.0	0.00
7038.0	0.00
7040.0	0.00
7042.0	0.00
7044.0	0.00
7046.0	0.00
7048.0	0.00
7050.0	0.00
7052.0	0.00
7054.0	0.00
7056.0	0.00
7058.0	0.00
7060.0	0.00
7062.0	0.00
7064.0	0.00
7066.0	0.00
7068.0	0.00
7070.0	0.00
7072.0	0.00
7074.0	0.00
7076.0	0.00
7078.0	0.00
7080.0	0.00
7082.0	0.00
7084.0	0.00
7086.0	0.00
7088.0	0.00
7090.0	0.00
7092.0	0.00
7094.0	0.00
7096.0	0.00
7098.0	0.00
7100.0	0.00
7102.0	0.00
7104.0	0.00
7106.0	0.00
7108.0	0.00
7110.0	0.00
7112.0	0.00
7114.0	0.00
7116.0	0.00
7118.0	0.00
7120.0	0.00
7122.0	0.00
7124.0	0.00
7126.0	0.00
7128.0	0.00
7130.0	0.00
7132.0	0.00
7134.0	0.00
7136.0	0.00
7138.0	0.00
7140.0	0.00
7142.0	0.00
7144.0	0.00
7146.0	0.00
7148.0	0.00
7150.0	0.00
7152.0	0.00
7154.0	0.00
7156.0	0.00
7158.0	0.00
7160.0	0.00
7162.0	0.00
7164.0	0.00
7166.0	0.00
7168.0	0.00
7170.0	0.00
7172.0	0.00
7174.0	0.00
7176.0	0.00
7178.0	0.00
7180.0	0.00
7182.0	0.00
7184.0	0.00
7186.0	0.00
7188.0	0.00
7190.0	0.00
7192.0	0.00
7194.0	0.00
7196.0	0.00
7198.0	0.00
7200.0	0.00
7202.0	0.00
7204.0	0.00
7206.0	0.00
7208.0	0.00
7210.0	0.00
7212.0	0.00
7214.0	0.00
7216.0	0.00
7218.0	0.00
7220.0	0.00
7222.0	0.00
7224.0	0.00
7226.0	0.00
7228.0	0.00
7230.0	0.00
7232.0	0.00
7234.0	0.00
7236.0	0.00
7238.0	0.00
7240.0	0.00
7242.0	0.00
7244.0	0.00
7246.0	0.00
7248.0	0.00
7250.0	0.00
7252.0	0.00
7254.0	0.00
7256.0	0.00
7258.0	0.00
7260.0	0.00
7262.0	0.00
7264.0	0.00
7266.0	0.00
7268.0	0.00
7270.0	0.00
7272.0	0.00
7274.0	0.00
7276.0	0.00
7278.0	0.00
7280.0	0.00
7282.0	0.00
7284.0	0.00
7286.0	0.00
7288.0	0.00
7290.0	0.00
7292.0	0.00
7294.0	0.00
7296.0	0.00
7298.0	0.00
7300.0	0.00
7302.0	0.00
7304.0	0.00
7306.0	0.00
7308.0	0.00
7310.0	0.00
7312.0	0.00
7314.0	0.00
7316.0	0.00
7318.0	0.00
7320.0	0.00
7322.0	0.00
7324.0	0.00
7326.0	0.00
7328.0	0.00
7330.0	0.00
7332.0	0.00
7334.0	0.00
7336.0	0.00
7338.0	0.00
7340.0	0.00
7342.0	0.00
7344.0	0.00
7346.0	0.00
7348.0	0.00
7350.0	0.00
7352.0	0.00
7354.0	0.00
7356.0	0.00
7358.0	0.00
7360.0	0.00
7362.0	0.00
7364.0	0.00
7366.0	0.00
7368.0	0.00
7370.0	0.00
7372.0	0.00
7374.0	0.00
7376.0	0.00
7378.0	0.00
7380.0	0.00
7382.0	0.00
7384.0	0.00
7386.0	0.00
7388.0	0.00
7390.0	0.00
7392.0	0.00
7394.0	0.00
7396.0	0.00
7398.0	0.00
7400.0	0.00
7402.0	0.00
7404.0	0.00
7406.0	0.00
7408.0	0.00
7410.0	0.00
7412.0	0.00
7414.0	0.00
7416.0	0.00
7418.0	0.00
7420.0	0.00
7422.0	0.00
7424.0	0.00
7426.0	0.00
7428.0	0.00
7430.0	0.00
7432.0	0.00
7434.0	0.00
7436.0	0.00
7438.0	0.00
7440.0	0.00
7442.0	0.00
7444.0	0.00
7446.0	0.00
7448.0	0.00
7450.0	0.00
7452.0	0.00
7454.0	0.00
7456.0	0.00
7458.0	0.00
7460.0	0.00
7462.0	0.00
7464.0	0.00
7466.0	0.00
7468.0	0.00
7470.0	0.00
7472.0	0.00
7474.0	0.00
7476.0	0.00
7478.0	0.00
7480.0	0.00
7482.0	0.00
7484.0	0.00
7486.0	0.00
7488.0	0.00
7490.0	0.00
7492.0	0.00
7494.0	0.00
7496.0	0.00
7498.0	0.00
7500.0	0.00
7502.0	0.00
7504.0	0.00
7506.0	0.00
7508.0	0.00
7510.0	0.00
7512.0	0.00
7514.0	0.00
7516.0	0.00
7518.0	0.00
7520.0	0.00
7522.0	0.00
7524.0	0.00
7526.0	0.00
7528.0	0.00
7530.0	0.00
7532.0	0.00
7534.0	0.00
7536.0	0.00
7538.0	0.00
7540.0	0.00
7542.0	0.00
7544.0	0.00
7546.0	0.00
7548.0	0.00
7550.0	0.00
7552.0	0.00
7554.0	0.00
7556.0	0.00
7558.0	0.00
7560.0	0.00
7562.0	0.00
7564.0	0.00
7566.0	0.00
7568.0	0.00
7570.0	0.00
7572.0	0.00
7574.0	0.00
7576.0	0.00
7578.0	0.00
7580.0	0.00
7582.0	0.00
7584.0	0.00
7586.0	0.00
7588.0	0.00
7590.0	0.00
7592.0	0.00
7594.0	0.00
7596.0	0.00
7598.0	0.00
7600.0	0.00
7602.0	0.00
7604.0	0.00
7606.0	0.00
7608.0	0.00
7610.0	0.00
7612.0	0.00
7614.0	0.00
7616.0	0.00
7618.0	0.00
7620.0	0.00
7622.0	0.00
7624.0	0.00
7626.0	0.00
7628.0	0.00
7630.0	0.00
7632.0	0.00
7634.0	0.00
7636.0	0.00
7638.0	0.00
7640.0	0.00
7642.0	0.00
7644.0	0.00
7646.0	0.00
7648.0	0.00
7650.0	0.00
7652.0	0.00
7654.0	0.00
7656.0	0.00
7658.0	0.00
7660.0	0.00
7662.0	0.00
7664.0	0.00
7666.0	0.00
7668.0	0.00
7670.0	0.00
7672.0	0.00
7674.0	0.00
7676.0	0.00
7678.0	0.00
7680.0	0.00
7682.0	0.00
7684.0	0.00
7686.0	0.00
7688.0	0.00
7690.0	0.00
7692.0	0.00
7694.0	0.00
7696.0	0.00
7698.0	0.00
7700.0	0.00
7702.0	0.00
7704.0	0.00
7706.0	0.00
7708.0	0.00
7710.0	0.00
7712.0	0.00
7714.0	0.00
7716.0	0.00
7718.0	0.00
7720.0	0.00
7722.0	0.00
7724.0	0.00
7726.0	0.00
7728.0	0.00
7730.0	0.00
7732.0	0.00
7734.0	0.00
7736.0	0.00
7738.0	0.00
7740.0	0.00
7742.0	0.00
7744.0	0.00
7746.0	0.00
7748.0	0.00
7750.0	0.00
7752.0	0.00
7754.0	0.00
7756.0	0.00
7758.0	0.00
7760.0	0.00
7762.0	0.00
7764.0	0.00
7766.0	0.00
7768.0	0.00
7770.0	0.00
7772.0	0.00
7774.0	0.00
7776.0	0.00
7778.0	0.00
7780.0	0.00
7782.0	0.00
7784.0	0.00
7786.0	0.00
7788.0	0.00
7790.0	0.00
7792.0	0.00
7794.0	0.00
7796.0	0.00
7798.0	0.00
7800.0	0.00
7802.0	0.00
7804.0	0.00
7806.0	0.00
7808.0	0.00
7810.0	0.00
7812.0	0.00
7814.0	0.00
7816.0	0.00
7818.0	0.00
7820.0	0.00
7822.0	0.00
7824.0	0.00
7826.0	0.00
7828.0	0.00
7830.0	0.00
7832.0	0.00
7834.0	0.00
7836.0	0.00
7838.0	0.00
7840.0	0.00
7842.0	0.00
7844.0	0.00
7846.0	0.00
7848.0	0.00
7850.0	0.00
7852.0	0.00
7854.0	0.00
7856.0	0.00
7858.0	0.00
7860.0	0.00
7862.0	0.00
7864.0	0.00
7866.0	0.00
7868.0	0.00
7870.0	0.00
7872.0	0.00
7874.0	0.00
7876.0	0.00
7878.0	0.00
7880.0	0.00
7882.0	0.00
7884.0	0.00
7886.0	0.00
7888.0	0.00
7890.0	0.00
7892.0	0.00
7894.0	0.00
7896.0	0.00
7898.0	0.00
7900.0	0.00
7902.0	0.00
7904.0	0.00
7906.0	0.00
7908.0	0.00
7910.0	0.00
7912.0	0.00
7914.0	0.00
7916.0	0.00
7918.0	0.00
7920.0	0.00
7922.0	0.00
7924.0	0.00
7926.0	0.00
7928.0	0.00
7930.0	0.00
7932.0	0.00
7934.0	0.00
7936.0	0.00
7938.0	0.00
7940.0	0.00
7942.0	0.00
7944.0	0.00
7946.0	0.00
7948.0	0.00
7950.0	0.00
7952.0	0.00
7954.0	0.00
7956.0	0.00
7958.0	0.00
7960.0	0.00
7962.0	0.00
7964.0	0.00
7966.0	0.00
7968.0	0.00
7970.0	0.00
7972.0	0.00
7974.0	0.00
7976.0	0.00
7978.0	0.00
7980.0	0.00
7982.0	0.00
7984.0	0.00
7986.0	0.00
7988.0	0.00
7990.0	0.00
7992.0	0.00
7994.0	0.00
7996.0	0.00
7998.0	0.00
8000.0	0.00
8002.0	0.00
8004.0	0.00
8006.0	0.00
8008.0	0.00
8010.0	0.00
8012.0	0.00
8014.0	0.00
8016.0	0.00
8018.0	0.00
8020.0	0.00
8022.0	0.00
8024.0	0.00
8026.0	0.00
8028.0	0.00
8030.0	0.00
8032.0	0.00
8034.0	0.00
8036.0	0.00
8038.0	0.00
8040.0	0.00
8042.0	0.00
8044.0	0.00
8046.0	0.00
8048.0	0.00
8050.0	0.00
8052.0	0.00
8054.0	0.00
8056.0	0.00
8058.0	0.00
8060.0	0.00
8062.0	0.00
8064.0	0.00
8066.0	0.00
8068.0	0.00
8070.0	0.00
8072.0	0.00
8074.0	0.00
8076.0	0.00
8078.0	0.00
8080.0	0.00
8082.0	0.00
8084.0	0.00
8086.0	0.00
8088.0	0.00
8090.0	0.00
8092.0	0.00
8094.0	0.00
8096.0	0.00
8098.0	0.00
8100.0	0.00
8102.0	0.00
8104.0	0.00
8106.0	0.00
8108.0	0.00
8110.0	0.00
8112.0	0.00
8114.0	0.00
8116.0	0.00
8118.0	0.00
8120.0	0.00
8122.0	0.00
8124.0	0.00
8126.0	0.00
8128.0	0.00
8130.0	0.00
8132.0	0.00
8134.0	0.00
8136.0	0.00
8138.0	0.00
8140.0	0.00
8142.0	0.00
8144.0	0.00
8146.0	0.00
8148.0	0.00
8150.0	0.00
8152.0	0.00
8154.0	0.00
8156.0	0.00
8158.0	0.00
8160.0	0.00
8162.0	0.00
8164.0	0.00
8166.0	0.00
8168.0	0.00
8170.0	0.00
8172.0	0.00
8174.0	0.00
8176.0	0.00
8178.0	0.00
8180.0	0.00
8182.0	0.00
8184.0	0.00
8186.0	0.00
8188.0	0.00
8190.0	0.00
8192.0	0.00
8194.0	0.00
8196.0	0.00
8198.0	0.00
8200.0	0.00
8202.0	0.00
8204.0	0.00
8206.0	0.00
8208.0	0.00
8210.0	0.00
8212.0	0.00
8214.0	0.00
8216.0	0.00
8218.0	0.00
8220.0	0.00
8222.0	0.00
8224.0	0.00
8226.0	0.00
8228.0	0.00
8230.0	0.00
8232.0	0.00
8234.0	0.00
8236.0	0.00
8238.0	0.00
8240.0	0.00
8242.0	0.00
8244.0	0.00
8246.0	0.00
8248.0	0.00
8250.0	0.00
8252.0	0.00
8254.0	0.00
8256.0	0.00
8258.0	0.00
8260.0	0.00
8262.0	0.00
8264.0	0.00
8266.0	0.00
8268.0	0.00
8270.0	0.00
8272.0	0.00
8274.0	0.00
8276.0	0.00
8278.0	0.00
8280.0	0.00
8282.0	0.00
8284.0	0.00
8286.0	0.00
8288.0	0.00
8290.0	0.00
8292.0	0.00
8294.0	0.00
8296.0	0.00
8298.0	0.00
8300.0	0.00
8302.0	0.00
8304.0	0.00
8306.0	0.00
8308.0	0.00
8310.0	0.00
8312.0	0.00
8314.0	0.00
8316.0	0.00
8318.0	0.00
8320.0	0.00
8322.0	0.00
8324.0	0.00
8326.0	0.00
8328.0	0.00
8330.0	0.00
8332.0	0.00
8334.0	0.00
8336.0	0.00
8338.0	0.00
8340.0	0.00
8342.0	0.00
8344.0	0.00
8346.0	0.00
8348.0	0.00
8350.0	0.00
8352.0	0.00
8354.0	0.00
8356.0	0.00
8358.0	0.00
8360.0	0.00
8362.0	0.00
8364.0	0.00
8366.0	0.00
8368.0	0.00
8370.0	0.00
8372.0	0.00
8374.0	0.00
8376.0	0.00
8378.0	0.00
8380.0	0.00
8382.0	0.00
8384.0	0.00
8386.0	0.00
8388.0	0.00
8390.0	0.00
8392.0	0.00
8394.0	0.00
8396.0	0.00
8398.0	0.00
8400.0	0.00
8402.0	0.00
8404.0	0.00
8406.0	0.00
8408.0	0.00
8410.0	0.00
8412.0	0.00
8414.0	0.00
8416.0	0.00
8418.0	0.00
8420.0	0.00
8422.0	0.00
8424.0	0.00
8426.0	0.00
8428.0	0.00
8430.0	0.00
8432.0	0.00
8434.0	0.00
8436.0	0.00
8438.0	0.00
8440.0	0.00
8442.0	0.00
8444.0	0.00
8446.0	0.00
8448.0	0.00
8450.0	0.00
8452.0	0.00
8454.0	0.00
8456.0	0.00
8458.0	0.00
8460.0	0.00
8462.0	0.00
8464.0	0.00
8466.0	0.00
8468.0	0.00
8470.0	0.00
8472.0	0.00
8474.0	0.00
8476.0	0.00
8478.0	0.00
8480.0	0.00
8482.0	0.00
8484.0	0.00
8486.0	0.00
8488.0	0.00
8490.0	0.00
8492.0	0.00
8494.0	0.00
8496.0	0.00
8498.0	0.00
8500.0	0.00
8502.0	0.00
8504.0	0.00
8506.0	0.00
8508.0	0.00
8510.0	0.00
8512.0	0.00
8514.0	0.00
8516.0	0.00
8518.0	0.00
8520.0	0.00
8522.0	0.00
8524.0	0.00
8526.0	0.00
8528.0	0.00
8530.0	0.00
8532.0	0.00
8534.0	0.00
8536.0	0.00
8538.0	0.00
8540.0	0.00
8542.0	0.00
8544.0	0.00
8546.0	0.00
8548.0	0.00
8550.0	0.00
8552.0	0.00
8554.0	0.00
8556.0	0.00
8558.0	0.00
8560.0	0.00
8562.0	0.00
8564.0	0.00
8566.0	0.00
8568.0	0.00
8570.0	0.00
8572.0	0.00
8574.0	0.00
8576.0	0.00
8578.0	0.00
8580.0	0.00
8582.0	0.00
8584.0	0.00
8586.0	0.00
8588.0	0.00
8590.0	0.00
8592.0	0.00
8594.0	0.00
8596.0	0.00
8598.0	0.00
8600.0	0.00
8602.0	0.00
8604.0	0.00
8606.0	0.00
8608.0	0.00
8610.0	0.00
8612.0	0.00
8614.0	0.00
8616.0	0.00
8618.0	0.00
8620.0	0.00
8622.0	0.00
8624.0	0.00
8626.0	0.00
8628.0	0.00
8630.0	0.00
8632.0	0.00
8634.0	0.00
8636.0	0.00
8638.0	0.00
8640.0	0.00
8642.0	0.00
8644.0	0.00
8646.0	0.00
8648.0	0.00
8650.0	0.00
8652.0	0.00
8654.0	0.00
8656.0	0.00
8658.0	0.00
8660.0	0.00
8662.0	0.00
8664.0	0.00
8666.0	0.00
8668.0	0.00
8670.0	0.00
8672.0	0.00
8674.0	0.00
8676.0	0.00
8678.0	0.00
8680.0	0.00
8682.0	0.00
8684.0	0.00
8686.0	0.00
8688.0	0.00
8690.0	0.00
8692.0	0.00
8694.0	0.00
8696.0	0.00
8698.0	0.00
8700.0	0.00
8702.0	0.00
8704.0	0.00
8706.0	0.00
8708.0	0.00
8710.0	0.00
8712.0	0.00
8714.0	0.00
8716.0	0.00
8718.0	0.00
8720.0	0.00
8722.0	0.00
8724.0	0.00
8726.0	0.00
8728.0	0.00
8730.0	0.00
8732.0	0.00
8734.0	0.00
8736.0	0.00
8738.0	0.00
8740.0	0.00
8742.0	0.00
8744.0	0.00
8746.0	0.00
8748.0	0.00
8750.0	0.00
8752.0	0.00
8754.0	0.00
8756.0	0.00
8758.0	0.00
8760.0	0.00
8762.0	0.00
8764.0	0.00
8766.0	0.00
8768.0	0.00
8770.0	0.00
8772.0	0.00
8774.0	0.00
8776.0	0.00
8778.0	0.00
8780.0	0.00
8782.0	0.00
8784.0	0.00
8786.0	0.00
8788.0	0.00
8790.0	0.00
8792.0	0.00
8794.0	0.00
8796.0	0.00
8798.0	0.00
8800.0	0.00
8802.0	0.00
8804.0	0.00
8806.0	0.00
8808.0	0.00
8810.0	0.00
8812.0	0.00
8814.0	0.00
8816.0	0.00
8818.0	0.00
8820.0	0.00
8822.0	0.00
8824.0	0.00
8826.0	0.00
8828.0	0.00
8830.0	0.00
8832.0	0.00
8834.0	0.00
8836.0	0.00
8838.0	0.00
8840.0	0.00
8842.0	0.00
8844.0	0.00
8846.0	0.00
8848.0	0.00
8850.0	0.00
8852.0	0.00
8854.0	0.00
8856.0	0.00
8858.0	0.00
8860.0	0.00
8862.0	0.00
8864.0	0.00
8866.0	0.00
8868.0	0.00
8870.0	0.00
8872.0	0.00
8874.0	0.00
8876.0	0.00
8878.0	0.00
8880.0	0.00
8882.0	0.00
8884.0	0.00
8886.0	0.00
8888.0	0.00
8890.0	0.00
8892.0	0.00
8894.0	0.00
8896.0	0.00
8898.0	0.00
8900.0	0.00
8902.0	0.00
8904.0	0.00
8906.0	0.00
8908.0	0.00
8910.0	0.00
8912.0	0.00
8914.0	0.00
8916.0	0.00
8918.0	0.00
8920.0	0.00
8922.0	0.00
8924.0	0.00
8926.0	0.00
8928.0	0.00
8930.0	0.00
8932.0	0.00
8934.0	0.00
8936.0	0.00
8938.0	0.00
8940.0	0.00
8942.0	0.00
8944.0	0.00
8946.0	0.00
8948.0	0.00
8950.0	0.00
8952.0	0.00
8954.0	0.00
8956.0	0.00
8958.0	0.00
8960.0	0.00
8962.0	0.00
8964.0	0.00
8966.0	0.00
8968.0	0.00
8970.0	0.00
8972.0	0.00
8974.0	0.00
8976.0	0.00
8978.0	0.00
8980.0	0.00
8982.0	0.00
8984.0	0.00
8986.0	0.00
8988.0	0.00
8990.0	0.00
8992.0	0.00
8994.0	0.00
8996.0	0.00
8998.0	0.00
9000.0	0.00
9002.0	0.00
9004.0	0.00
9006.0	0.00
9008.0	0.00
9010.0	0.00
9012.0	0.00
9014.0	0.00
9016.0	0.00
9018.0	0.00
9020.0	0.00
9022.0	0.00
9024.0	0.00
9026.0	0.00
9028.0	0.00
9030.0	0.00
9032.0	0.00
9034.0	0.00
9036.0	0.00
9038.0	0.00
9040.0	0.00
9042.0	0.00
9044.0	0.00
9046.0	0.00
9048.0	0.00
9050.0	0.00
9052.0	0.00
9054.0	0.00
9056.0	0.00
9058.0	0.00
9060.0	0.00
9062.0	0.00
9064.0	0.00
9066.0	0.00
9068.0	0.00
9070.0	0.00
9072.0	0.00
9074.0	0.00
9076.0	0.00
9078.0	0.00
9080.0	0.00
9082.0	0.00
9084.0	0.00
9086.0	0.00
9088.0	0.00
9090.0	0.00
9092.0	0.00
9094.0	0.00
9096.0	0.00
9098.0	0.00
9100.0	0.00
9102.0	0.00
9104.0	0.00
9106.0	0.00
9108.0	0.00
9110.0	0.00
9112.0	0.00
9114.0	0.00
9116.0	0.00
9118.0	0.00
9120.0	0.00
9122.0	0.00
9124.0	0.00
9126.0	0.00
9128.0	0.00
9130.0	0.00
9132.0	0.00
9134.0	0.00
9136.0	0.00
9138.0	0.00
9140.0	0.00
9142.0	0.00
9144.0	0.00
9146.0	0.00
9148.0	0.00
9150.0	0.00
9152.0	0.00
9154.0	0.00
9156.0	0.00
9158.0	0.00
9160.0	0.00
9162.0	0.00
9164.0	0.00
9166.0	0.00
9168.0	0.00
9170.0	0.00
9172.0	0.00
9174.0	0.00
9176.0	0.00
9178.0	0.00
9180.0	0.00
9182.0	0.00
9184.0	0.00
9186.0	0.00
9188.0	0.00
9190.0	0.00
9192.0	0.00
9194.0	0.00
9196.0	0.00
9198.0	0.00
9200.0	0.00
9202.0	0.00
9204.0	0.00
9206.0	0.00
9208.0	0.00
9210.0	0.00
9212.0	0.00
9214.0	0.00
9216.0	0.00
9218.0	0.00
9220.0	0.00
9222.0	0.00
9224.0	0.00
9226.0	0.00
9228.0	0.00
9230.0	0.00
9232.0	0.00
9234.0	0.00
9236.0	0.00
9238.0	0.00
9240.0	0.00
9242.0	0.00
9244.0	0.00
9246.0	0.00
9248.0	0.00
9250.0	0.00
9252.0	0.00
9254.0	0.00
9256.0	0.00
9258.0	0.00
9260.0	0.00
9262.0	0.00
9264.0	0.00
9266.0	0.00
9268.0	0.00
9270.0	0.00
9272.0	0.00
9274.0	0.00
9276.0	0.00
9278.0	0.00
9280.0	0.00
9282.0	0.00
9284.0	0.00
9286.0	0.00
9288.0	0.00
9290.0	0.00
9292.0	0.00
9294.0	0.00
9296.0	0.00
9298.0	0.00
9300.0	0.00
9302.0	0.00
9304.0	0.00
9306.0	0.00
9308.0	0.00
9310.0	0.00
9312.0	0.00
9314.0	0.00
9316.0	0.00
9318.0	0.00
9320.0	0.00
9322.0	0.00
9324.0	0.00
9326.0	0.00
9328.0	0.00
9330.0	0.00
9332.0	0.00
9334.0	0.00
9336.0	0.00
9338.0	0.00
9340.0	0.00
9342.0	0.00
9344.0	0.00
9346.0	0.00
9348.0	0.00
9350.0	0.00
9352.0	0.00
9354.0	0.00
9356.0	0.00
9358.0	0.00
9360.0	0.00
9362.0	0.00
9364.0	0.00
9366.0	0.00
9368.0	0.00
9370.0	0.00
9372.0	0.00
9374.0	0.00
9376.0	0.00
9378.0	0.00
9380.0	0.00
9382.0	0.00
9384.0	0.00
9386.0	0.00
9388.0	0.00
9390.0	0.00
9392.0	0.00
9394.0	0.00
9396.0	0.00
9398.0	0.00
9400.0	0.00
9402.0	0.00
9404.0	0.00
9406.0	0.00
9408.0	0.00
9410.0	0.00
9412.0	0.00
9414.0	0.00
9416.0	0.00
9418.0	0.00
9420.0	0.00
9422.0	0.00
9424.0	0.00
9426.0	0.00
9428.0	0.00
9430.0	0.00
9432.0	0.00
9434.0	0.00
9436.0	0.00
9438.0	0.00
9440.0	0.00
9442.0	0.00
9444.0	0.00
9446.0	0.00
9448.0	0.00
9450.0	0.00
9452.0	0.00
9454.0	0.00
9456.0	0.00
9458.0	0.00
9460.0	0.00
9462.0	0.00
9464.0	0.00
9466.0	0.00
9468.0	0.00
9470.0	0.00
9472.0	0.00
9474.0	0.00
9476.0	0.00
9478.0	0.00
9480.0	0.00
9482.0	0.00
9484.0	0.00
9486.0	0.00
9488.0	0.00
9490.0	0.00
9492.0	0.00
9494.0	0.00
9496.0	0.00
9498.0	0.00
9500.0	0.00
9502.0	0.00
9504.0	0.00
9506.0	0.00
9508.0	0.00
9510.0	0.00
9512.0	0.00
9514.0	0.00
9516.0	0.00
9518.0	0.00
9520.0	0.00
9522.0	0.00
9524.0	0.00
9526.0	0.00
9528.0	0.00
9530.0	0.00
9532.0	0.00
9534.0	0.00
9536.0	0.00
9538.0	0.00
9540.0	0.00
9542.0	0.00
9544.0	0.00
9546.0	0.00
9548.0	0.00
9550.0	0.00
9552.0	0.00
9554.0	0.00
9556.0	0.00
9558.0	0.00
9560.0	0.00
9562.0	0.00
9564.0	0.00
9566.0	0.00
9568.0	0.00
9570.0	0.00
9572.0	0.00
9574.0	0.00
9576.0	0.00
9578.0	0.00
9580.0	0.00
9582.0	0.00
9584.0	0.00
9586.0	0.00
9588.0	0.00
9590.0	0.00
9592.0	0.00
9594.0	0.00
9596.0	0.00
9598.0	0.00
9600.0	0.00
9602.0	0.00
9604.0	0.00
9606.0	0.00
9608.0	0.00
9610.0	0.00
9612.0	0.00
9614.0	0.00
9616.0	0.00
9618.0	0.00
9620.0	0.00
9622.0	0.00
9624.0	0.00
9626.0	0.00
9628.0	0.00
9630.0	0.00
9632.0	0.00
9634.0	0.00
9636.0	0.00
9638.0	0.00
9640.0	0.00
9642.0	0.00
9644.0	0.00
9646.0	0.00
9648.0	0.00
9650.0	0.00
9652.0	0.00
9654.0	0.00
9656.0	0.00
9658.0	0.00
9660.0	0.00
9662.0	0.00
9664.0	0.00
9666.0	0.00
9668.0	0.00
9670.0	0.00
9672.0	0.00
9674.0	0.00
9676.0	0.00
9678.0	0.00
9680.0	0.00
9682.0	0.00
9684.0	0.00
9686.0	0.00
9688.0	0.00
9690.0	0.00
9692.0	0.00
9694.0	0.00
9696.0	0.00
9698.0	0.00
9700.0	0.00
9702.0	0.00
9704.0	0.00
9706.0	0.00
9708.0	0.00
9710.0	0.00
9712.0	0.00
9714.0	0.00
9716.0	0.00
9718.0	0.00
9720.0	0.00
9722.0	0.00
9724.0	0.00
9726.0	0.00
9728.0	0.00
9730.0	0.00
9732.0	0.00
9734.0	0.00
9736.0	0.00
9738.0	0.00
9740.0	0.00
9742.0	0.00
9744.0	0.00
9746.0	0.00
9748.0	0.00
9750.0	0.00
9752.0	0.00
9754.0	0.00
9756.0	0.00
9758.0	0.00
9760.0	0.00
9762.0	0.00
9764.0	0.00
9766.0	0.00
9768.0	0.00
9770.0	0.00
9772.0	0.00
9774.0	0.00
9776.0	0.00
9778.0	0.00
9780.0	0.00
9782.0	0.00
9784.0	0.00
9786.0	0.00
9788.0	0.00
9790.0	0.00
9792.0	0.00
9794.0	0.00
9796.0	0.00
9798.0	0.00
9800.0	0.00
9802.0	0.00
9804.0	0.00
9806.0	0.00
9808.0	0.00
9810.0	0.00
9812.0	0.00
9814.0	0.00
9816.0	0.00
9818.0	0.00
9820.0	0.00
9822.0	0.00
9824.0	0.00
9826.0	0.00
9828.0	0.00
9830.0	0.00
9832.0	0.00
9834.0	0.00
9836.0	0.00
9838.0	0.00
9840.0	0.00
9842.0	0.00
9844.0	0.00
9846.0	0.00
9848.0	0.00
9850.0	0.00
9852.0	0.00
9854.0	0.00
9856.0	0.00
9858.0	0.00
9860.0	0.00
9862.0	0.00
9864.0	0.00
9866.0	0.00
9868.0	0.00
9870.0	0.00
9872.0	0.00
9874.0	0.00
9876.0	0.00
9878.0	0.00
9880.0	0.00
9882.0	0.00
9884.0	0.00
9886.0	0.00
9888.0	0.00
9890.0	0.00
9892.0	0.00
9894.0	0.00
9896.0	0.00
9898.0	0.00
9900.0	0.00
9902.0	0.00
9904.0	0.00
9906.0	0.00
9908.0	0.00
9910.0	0.00
9912.0	0.00
9914.0	0.00
9916.0	0.00
9918.0	0.00
9920.0	0.00
9922.0	0.00
9924.0	0.00
9926.0	0.00
9928.0	0.00
9930.0	0.00
9932.0	0.00
9934.0	0.00
9936.0	0.00
9938.0	0.00
9940.0	0.00
9942.0	0.00
9944.0	0.00
9946.0	0.00
9948.0	0.00
9950.0	0.00
9952.0	0.00
9954.0	0.00
9956.0	0.00
9958.0	0.00
9960.0	0.00
9962.0	0.00
9964.0	0.00
9966.0	0.00
9968.0	0.00
9970.0	0.00
9972.0	0.00
9974.0	0.00
9976.0	0.00
9978.0	0.00
9980.0	0.00
9982.0	0.00
9984.0	0.00
9986.0	0.00
9988.0	0.00
9990.0	0.00
9992.0	0.00
9994.0	0.00
9996.0	0.00
9998.0	0.00
10000.0	0.00
10002.0	-0.00
10004.0	-0.00
10006.0	-0.00
10008.0	-0.00
10010.0	-0.01
10012.0	-0.01
10014.0	-0.01
10016.0	-0.01
10018.0	-0.01
10020.0	-0.01
10022.0	-0.01
10024.0	-0.01
10026.0	-0.01
10028.0	-0.01
10030.0	-0.01
10032.0	-0.02
10034.0	-0.02
10036.0	-0.02
10038.0	-0.02
10040.0	-0.02
10042.0	-0.02
10044.0	-0.02
10046.0	-0.02
10048.0	-0.02
10050.0	-0.03
10052.0	-0.03
10054.0	-0.03
10056.0	-0.03
10058.0	-0.03
10060.0	-0.03
10062.0	-0.03
10064.0	-0.03
10066.0	-0.03
10068.0	-0.03
10070.0	-0.04
10072.0	-0.04
10074.0	-0.04
10076.0	-0.04
10078.0	-0.04
10080.0	-0.04
10082.0	-0.04
10084.0	-0.04
10086.0	-0.04
10088.0	-0.04
10090.0	-0.04
10092.0	-0.05
10094.0	-0.05
10096.0	-0.05
10098.0	-0.05
10100.0	-0.05
10102.0	-0.05
10104.0	-0.05
10106.0	-0.05
10108.0	-0.05
10110.0	-0.06
10112.0	-0.06
10114.0	-0.06
10116.0	-0.06
10118.0	-0.06
10120.0	-0.06
10122.0	-0.06
10124.0	-0.06
10126.0	-0.06
10128.0	-0.06
10130.0	-0.07
10132.0	-0.07
10134.0	-0.07
10136.0	-0.07
10138.0	-0.07
10140.0	-0.07
10142.0	-0.07
10144.0	-0.07
10146.0	-0.07
10148.0	-0.07
10150.0	-0.07
10152.0	-0.08
10154.0	-0.08
10156.0	-0.08
10158.0	-0.08
10160.0	-0.08
10162.0	-0.08
10164.0	-0.08
10166.0	-0.08
10168.0	-0.08
10170.0	-0.09
10172.0	-0.09
10174.0	-0.09
10176.0	-0.09
10178.0	-0.09
10180.0	-0.09
10182.0	-0.09
10184.0	-0.09
10186.0	-0.09
10188.0	-0.09
10190.0	-0.10
10192.0	-0.10
10194.0	-0.10
10196.0	-0.10
10198.0	-0.10
10200.0	-0.10
10202.0	-0.10
10204.0	-0.10
10206.0	-0.10
10208.0	-0.10
10210.0	-0.10
10212.0	-0.11
10214.0	-0.11
10216.0	-0.11
10218.0	-0.11
10220.0	-0.11
10222.0	-0.11
10224.0	-0.11
10226.0	-0.11
10228.0	-0.11
10230.0	-0.12
10232.0	-0.12
10234.0	-0.12
10236.0	-0.12
10238.0	-0.12
10240.0	-0.12
10242.0	-0.12
10244.0	-0.12
10246.0	-0.12
10248.0	-0.12
10250.0	-0.12
10252.0	-0.13
10254.0	-0.13
10256.0	-0.13
10258.0	-0.13
10260.0	-0.13
10262.0	-0.13
10264.0	-0.13
10266.0	-0.13
10268.0	-0.13
10270.0	-0.14
10272.0	-0.14
10274.0	-0.14
10276.0	-0.14
10278.0	-0.14
10280.0	-0.14
10282.0	-0.14
10284.0	-0.14
10286.0	-0.14
10288.0	-0.14
10290.0	-0.14
10292.0	-0.15
10294.0	-0.15
10296.0	-0.15
10298.0	-0.15
10300.0	-0.15
10302.0	-0.15
10304.0	-0.15
10306.0	-0.15
10308.0	-0.15
10310.0	-0.15
10312.0	-0.16
10314.0	-0.16
10316.0	-0.16
10318.0	-0.16
10320.0	-0.16
10322.0	-0.16
10324.0	-0.16
10326.0	-0.16
10328.0	-0.16
10330.0	-0.17
10332.0	-0.17
10334.0	-0.17
10336.0	-0.17
10338.0	-0.17
10340.0	-0.17
10342.0	-0.17
10344.0	-0.17
10346.0	-0.17
10348.0	-0.17
10350.0	-0.18
10352.0	-0.18
10354.0	-0.18
10356.0	-0.18
10358.0	-0.18
10360.0	-0.18
10362.0	-0.18
10364.0	-0.18
10366.0	-0.18
10368.0	-0.18
10370.0	-0.18
10372.0	-0.19
10374.0	-0.19
10376.0	-0.19
10378.0	-0.19
10380.0	-0.19
10382.0	-0.19
10384.0	-0.19
10386.0	-0.19
10388.0	-0.19
10390.0	-0.20
10392.0	-0.20
10394.0	-0.20
10396.0	-0.20
10398.0	-0.20
10400.0	-0.20
10402.0	-0.20
10404.0	-0.20
10406.0	-0.20
10408.0	-0.20
10410.0	-0.21
10412.0	-0.21
10414.0	-0.21
10416.0	-0.21
10418.0	-0.21
10420.0	-0.21
10422.0	-0.21
10424.0	-0.21
10426.0	-0.21
10428.0	-0.21
10430.0	-0.21
10432.0	-0.22
10434.0	-0.22
10436.0	-0.22
10438.0	-0.22
10440.0	-0.22
10442.0	-0.22
10444.0	-0.22
10446.0	-0.22
10448.0	-0.22
10450.0	-0.23
10452.0	-0.23
10454.0	-0.23
10456.0	-0.23
10458.0	-0.23
10460.0	-0.23
10462.0	-0.23
10464.0	-0.23
10466.0	-0.23
10468.0	-0.23
10470.0	-0.24
10472.0	-0.24
10474.0	-0.24
10476.0	-0.24
10478.0	-0.24
10480.0	-0.24
10482.0	-0.24
10484.0	-0.24
10486.0	-0.24
10488.0	-0.24
10490.0	-0.24
10492.0	-0.25
10494.0	-0.25
10496.0	-0.25
10498.0	-0.25
10500.0	-0.25
10502.0	-0.25
10504.0	-0.25
10506.0	-0.25
10508.0	-0.25
10510.0	-0.26
10512.0	-0.26
10514.0	-0.26
10516.0	-0.26
10518.0	-0.26
10520.0	-0.26
10522.0	-0.26
10524.0	-0.26
10526.0	-0.26
10528.0	-0.26
10530.0	-0.27
10532.0	-0.27
10534.0	-0.27
10536.0	-0.27
10538.0	-0.27
10540.0	-0.27
10542.0	-0.27
10544.0	-0.27
10546.0	-0.27
10548.0	-0.27
10550.0	-0.28
10552.0	-0.28
10554.0	-0.28
10556.0	-0.28
10558.0	-0.28
10560.0	-0.28
10562.0	-0.28
10564.0	-0.28
10566.0	-0.28
10568.0	-0.28
10570.0	-0.29
10572.0	-0.29
10574.0	-0.29
10576.0	-0.29
10578.0	-0.29
10580.0	-0.29
10582.0	-0.29
10584.0	-0.29
10586.0	-0.29
10588.0	-0.29
10590.0	-0.29
10592.0	-0.30
10594.0	-0.30
10596.0	-0.30
10598.0	-0.30
10600.0	-0.30
10602.0	-0.30
10604.0	-0.30
10606.0	-0.30
10608.0	-0.30
10610.0	-0.30
10612.0	-0.31
10614.0	-0.31
10616.0	-0.31
10618.0	-0.31
10620.0	-0.31
10622.0	-0.31
10624.0	-0.31
10626.0	-0.31
10628.0	-0.31
10630.0	-0.32
10632.0	-0.32
10634.0	-0.32
10636.0	-0.32
10638.0	-0.32
10640.0	-0.32
10642.0	-0.32
10644.0	-0.32
10646.0	-0.32
10648.0	-0.32
10650.0	-0.33
10652.0	-0.33
10654.0	-0.33
10656.0	-0.33
10658.0	-0.33
10660.0	-0.33
10662.0	-0.33
10664.0	-0.33
10666.0	-0.33
10668.0	-0.33
10670.0	-0.34
10672.0	-0.34
10674.0	-0.34
10676.0	-0.34
10678.0	-0.34
10680.0	-0.34
10682.0	-0.34
10684.0	-0.34
10686.0	-0.34
10688.0	-0.34
10690.0	-0.35
10692.0	-0.35
10694.0	-0.35
10696.0	-0.35
10698.0	-0.35
10700.0	-0.35
10702.0	-0.35
10704.0	-0.35
10706.0	-0.35
10708.0	-0.35
10710.0	-0.35
10712.0	-0.36
10714.0	-0.36
10716.0	-0.36
10718.0	-0.36
10720.0	-0.36
10722.0	-0.36
10724.0	-0.36
10726.0	-0.36
10728.0	-0.36
10730.0	-0.36
10732.0	-0.37
10734.0	-0.37
10736.0	-0.37
10738.0	-0.37
10740.0	-0.37
10742.0	-0.37
10744.0	-0.37
10746.0	-0.37
10748.0	-0.37
10750.0	-0.38
10752.0	-0.38
10754.0	-0.38
10756.0	-0.38
10758.0	-0.38
10760.0	-0.38
10762.0	-0.38
10764.0	-0.38
10766.0	-0.38
10768.0	-0.38
10770.0	-0.39
10772.0	-0.39
10774.0	-0.39
10776.0	-0.39
10778.0	-0.39
10780.0	-0.39
10782.0	-0.39
10784.0	-0.39
10786.0	-0.39
10788.0	-0.39
10790.0	-0.40
10792.0	-0.40
10794.0	-0.40
10796.0	-0.40
10798.0	-0.40
10800.0	-0.40
10802.0	-0.40
10804.0	-0.40
10806.0	-0.40
10808.0	-0.40
10810.0	-0.41
10812.0	-0.41
10814.0	-0.41
10816.0	-0.41
10818.0	-0.41
10820.0	-0.41
10822.0	-0.41
10824.0	-0.41
10826.0	-0.41
10828.0	-0.41
10830.0	-0.42
10832.0	-0.42
10834.0	-0.42
10836.0	-0.42
10838.0	-0.42
10840.0	-0.42
10842.0	-0.42
10844.0	-0.42
10846.0	-0.42
10848.0	-0.42
10850.0	-0.42
10852.0	-0.43
10854.0	-0.43
10856.0	-0.43
10858.0	-0.43
10860.0	-0.43
10862.0	-0.43
10864.0	-0.43
10866.0	-0.43
10868.0	-0.43
10870.0	-0.43
10872.0	-0.44
10874.0	-0.44
10876.0	-0.44
10878.0	-0.44
10880.0	-0.44
10882.0	-0.44
10884.0	-0.44
10886.0	-0.44
10888.0	-0.44
10890.0	-0.45
10892.0	-0.45
10894.0	-0.45
10896.0	-0.45
10898.0	-0.45
10900.0	-0.45
10902.0	-0.45
10904.0	-0.45
10906.0	-0.45
10908.0	-0.45
10910.0	-0.46
10912.0	-0.46
10914.0	-0.46
10916.0	-0.46
10918.0	-0.46
10920.0	-0.46
10922.0	-0.46
10924.0	-0.46
10926.0	-0.46
10928.0	-0.46
10930.0	-0.47
10932.0	-0.47
10934.0	-0.47
10936.0	-0.47
10938.0	-0.47
10940.0	-0.47
10942.0	-0.47
10944.0	-0.47
10946.0	-0.47
10948.0	-0.47
10950.0	-0.48
10952.0	-0.48
10954.0	-0.48
10956.0	-0.48
10958.0	-0.48
10960.0	-0.48
10962.0	-0.48
10964.0	-0.48
10966.0	-0.48
10968.0	-0.48
10970.0	-0.48
10972.0	-0.49
10974.0	-0.49
10976.0	-0.49
10978.0	-0.49
10980.0	-0.49
10982.0	-0.49
10984.0	-0.49
10986.0	-0.49
10988.0	-0.49
10990.0	-0.49
10992.0	-0.50
10994.0	-0.50
10996.0	-0.50
10998.0	-0.50
11000.0	-0.50
11002.0	-0.50
11004.0	-0.50
11006.0	-0.50
11008.0	-0.50
11010.0	-0.51
11012.0	-0.51
11014.0	-0.51
11016.0	-0.51
11018.0	-0.51
11020.0	-0.51
11022.0	-0.51
11024.0	-0.51
11026.0	-0.51
11028.0	-0.51
11030.0	-0.52
11032.0	-0.52
11034.0	-0.52
11036.0	-0.52
11038.0	-0.52
11040.0	-0.52
11042.0	-0.52
11044.0	-0.52
11046.0	-0.52
11048.0	-0.52
11050.0	-0.53
11052.0	-0.53
11054.0	-0.53
11056.0	-0.53
11058.0	-0.53
11060.0	-0.53
11062.0	-0.53
11064.0	-0.53
11066.0	-0.53
11068.0	-0.53
11070.0	-0.54
11072.0	-0.54
11074.0	-0.54
11076.0	-0.54
11078.0	-0.54
11080.0	-0.54
11082.0	-0.54
11084.0	-0.54
11086.0	-0.54
11088.0	-0.54
11090.0	-0.55
11092.0	-0.55
11094.0	-0.55
11096.0	-0.55
11098.0	-0.55
11100.0	-0.55
11102.0	-0.55
11104.0	-0.55
11106.0	-0.55
11108.0	-0.55
11110.0	-0.56
11112.0	-0.56
11114.0	-0.56
11116.0	-0.56
11118.0	-0.56
11120.0	-0.56
11122.0	-0.56
11124.0	-0.56
11126.0	-0.56
11128.0	-0.56
11130.0	-0.57
11132.0	-0.57
11134.0	-0.57
11136.0	-0.57
11138.0	-0.57
11140.0	-0.57
11142.0	-0.57
11144.0	-0.57
11146.0	-0.57
11148.0	-0.57
11150.0	-0.58
11152.0	-0.58
11154.0	-0.58
11156.0	-0.58
11158.0	-0.58
11160.0	-0.58
11162.0	-0.58
11164.0	-0.58
11166.0	-0.58
11168.0	-0.58
11170.0	-0.58
11172.0	-0.59
11174.0	-0.59
11176.0	-0.59
11178.0	-0.59
11180.0	-0.59
11182.0	-0.59
11184.0	-0.59
11186.0	-0.59
11188.0	-0.59
11190.0	-0.59
11192.0	-0.60
11194.0	-0.60
11196.0	-0.60
11198.0	-0.60
11200.0	-0.60
11202.0	-0.60
11204.0	-0.60
11206.0	-0.60
11208.0	-0.60
11210.0	-0.60
11212.0	-0.61
11214.0	-0.61
11216.0	-0.61
11218.0	-0.61
11220.0	-0.61
11222.0	-0.61
11224.0	-0.61
11226.0	-0.61
11228.0	-0.61
11230.0	-0.61
11232.0	-0.62
11234.0	-0.62
11236.0	-0.62
11238.0	-0.62
11240.0	-0.62
11242.0	-0.62
11244.0	-0.62
11246.0	-0.62
11248.0	-0.62
11250.0	-0.62
11252.0	-0.63
11254.0	-0.63
11256.0	-0.63
11258.0	-0.63
11260.0	-0.63
11262.0	-0.63
11264.0	-0.63
11266.0	-0.63
11268.0	-0.63
11270.0	-0.64
11272.0	-0.64
11274.0	-0.64
11276.0	-0.64
11278.0	-0.64
11280.0	-0.64
11282.0	-0.64
11284.0	-0.64
11286.0	-0.64
11288.0	-0.64
11290.0	-0.65
11292.0	-0.65
11294.0	-0.65
11296.0	-0.65
11298.0	-0.65
11300.0	-0.65
11302.0	-0.65
11304.0	-0.65
11306.0	-0.65
11308.0	-0.65
11310.0	-0.66
11312.0	-0.66
11314.0	-0.66
11316.0	-0.66
11318.0	-0.66
11320.0	-0.66
11322.0	-0.66
11324.0	-0.66
11326.0	-0.66
11328.0	-0.66
11330.0	-0.67
11332.0	-0.67
11334.0	-0.67
11336.0	-0.67
11338.0	-0.67
11340.0	-0.67
11342.0	-0.67
11344.0	-0.67
11346.0	-0.67
11348.0	-0.67
11350.0	-0.68
11352.0	-0.68
11354.0	-0.68
11356.0	-0.68
11358.0	-0.68
11360.0	-0.68
11362.0	-0.68
11364.0	-0.68
11366.0	-0.68
11368.0	-0.68
11370.0	-0.69
11372.0	-0.69
11374.0	-0.69
11376.0	-0.69
11378.0	-0.69
11380.0	-0.69
11382.0	-0.69
11384.0	-0.69
11386.0	-0.69
11388.0	-0.69
11390.0	-0.70
11392.0	-0.70
11394.0	-0.70
11396.0	-0.70
11398.0	-0.70
11400.0	-0.70
11402.0	-0.70
11404.0	-0.70
11406.0	-0.70
11408.0	-0.70
11410.0	-0.70
11412.0	-0.71
11414.0	-0.71
11416.0	-0.71
11418.0	-0.71
11420.0	-0.71
11422.0	-0.71
11424.0	-0.71
11426.0	-0.71
11428.0	-0.71
11430.0	-0.71
11432.0	-0.72
11434.0	-0.72
11436.0	-0.72
11438.0	-0.72
11440.0	-0.72
11442.0	-0.72
11444.0	-0.72
11446.0	-0.72
11448.0	-0.72
11450.0	-0.72
11452.0	-0.73
11454.0	-0.73
11456.0	-0.73
11458.0	-0.73
11460.0	-0.73
11462.0	-0.73
11464.0	-0.73
11466.0	-0.73
11468.0	-0.73
11470.0	-0.73
11472.0	-0.74
11474.0	-0.74
11476.0	-0.74
11478.0	-0.74
11480.0	-0.74
11482.0	-0.74
11484.0	-0.74
11486.0	-0.74
11488.0	-0.74
11490.0	-0.74
11492.0	-0.75
11494.0	-0.75
11496.0	-0.75
11498.0	-0.75
11500.0	-0.75
11502.0	-0.75
11504.0	-0.75
11506.0	-0.75
11508.0	-0.75
11510.0	-0.76
11512.0	-0.76
11514.0	-0.76
11516.0	-0.76
11518.0	-0.76
11520.0	-0.76
11522.0	-0.76
11524.0	-0.76
11526.0	-0.76
11528.0	-0.76
11530.0	-0.77
11532.0	-0.77
11534.0	-0.77
11536.0	-0.77
11538.0	-0.77
11540.0	-0.77
11542.0	-0.77
11544.0	-0.77
11546.0	-0.77
11548.0	-0.77
11550.0	-0.78
11552.0	-0.78
11554.0	-0.78
11556.0	-0.78
11558.0	-0.78
11560.0	-0.78
11562.0	-0.78
11564.0	-0.78
11566.0	-0.78
11568.0	-0.78
11570.0	-0.79
11572.0	-0.79
11574.0	-0.79
11576.0	-0.79
11578.0	-0.79
11580.0	-0.79
11582.0	-0.79
11584.0	-0.79
11586.0	-0.79
11588.0	-0.79
11590.0	-0.80
11592.0	-0.80
11594.0	-0.80
11596.0	-0.80
11598.0	-0.80
11600.0	-0.80
11602.0	-0.80
11604.0	-0.80
11606.0	-0.80
11608.0	-0.80
11610.0	-0.81
11612.0	-0.81
11614.0	-0.81
11616.0	-0.81
11618.0	-0.81
11620.0	-0.81
11622.0	-0.81
11624.0	-0.81
11626.0	-0.81
11628.0	-0.81
11630.0	-0.82
11632.0	-0.82
11634.0	-0.82
11636.0	-0.82
11638.0	-0.82
11640.0	-0.82
11642.0	-0.82
11644.0	-0.82
11646.0	-0.82
11648.0	-0.82
11650.0	-0.83
11652.0	-0.83
11654.0	-0.83
11656.0	-0.83
11658.0	-0.83
11660.0	-0.83
11662.0	-0.83
11664.0	-0.83
11666.0	-0.83
11668.0	-0.83
11670.0	-0.83
11672.0	-0.84
11674.0	-0.84
11676.0	-0.84
11678.0	-0.84
11680.0	-0.84
11682.0	-0.84
11684.0	-0.84
11686.0	-0.84
11688.0	-0.84
11690.0	-0.84
11692.0	-0.85
11694.0	-0.85
11696.0	-0.85
11698.0	-0.85
11700.0	-0.85
11702.0	-0.85
11704.0	-0.85
11706.0	-0.85
11708.0	-0.85
11710.0	-0.85
11712.0	-0.86
11714.0	-0.86
11716.0	-0.86
11718.0	-0.86
11720.0	-0.86
11722.0	-0.86
11724.0	-0.86
11726.0	-0.86
11728.0	-0.86
11730.0	-0.86
11732.0	-0.87
11734.0	-0.87
11736.0	-0.87
11738.0	-0.87
11740.0	-0.87
11742.0	-0.87
11744.0	-0.87
11746.0	-0.87
11748.0	-0.87
11750.0	-0.88
11752.0	-0.88
11754.0	-0.88
11756.0	-0.88
11758.0	-0.88
11760.0	-0.88
11762.0	-0.88
11764.0	-0.88
11766.0	-0.88
11768.0	-0.88
11770.0	-0.89
11772.0	-0.89
11774.0	-0.89
11776.0	-0.89
11778.0	-0.89
11780.0	-0.89
11782.0	-0.89
11784.0	-0.89
11786.0	-0.89
11788.0	-0.89
11790.0	-0.90
11792.0	-0.90
11794.0	-0.90
11796.0	-0.90
11798.0	-0.90
11800.0	-0.90
11802.0	-0.90
11804.0	-0.90
11806.0	-0.90
11808.0	-0.90
11810.0	-0.91
11812.0	-0.91
11814.0	-0.91
11816.0	-0.91
11818.0	-0.91
11820.0	-0.91
11822.0	-0.91
11824.0	-0.91
11826.0	-0.91
11828.0	-0.91
11830.0	-0.92
11832.0	-0.92
11834.0	-0.92
11836.0	-0.92
11838.0	-0.92
11840.0	-0.92
11842.0	-0.92
11844.0	-0.92
11846.0	-0.92
11848.0	-0.92
11850.0	-0.93
11852.0	-0.93
11854.0	-0.93
11856.0	-0.93
11858.0	-0.93
11860.0	-0.93
11862.0	-0.93
11864.0	-0.93
11866.0	-0.93
11868.0	-0.93
11870.0	-0.94
11872.0	-0.94
11874.0	-0.94
11876.0	-0.94
11878.0	-0.94
11880.0	-0.94
11882.0	-0.94
11884.0	-0.94
11886.0	-0.94
11888.0	-0.94
11890.0	-0.95
11892.0	-0.95
11894.0	-0.95
11896.0	-0.95
11898.0	-0.95
11900.0	-0.95
11902.0	-0.95
11904.0	-0.95
11906.0	-0.95
11908.0	-0.95
11910.0	-0.96
11912.0	-0.96
11914.0	-0.96
11916.0	-0.96
11918.0	-0.96
11920.0	-0.96
11922.0	-0.96
11924.0	-0.96
11926.0	-0.96
11928.0	-0.96
11930.0	-0.96
11932.0	-0.97
11934.0	-0.97
11936.0	-0.97
11938.0	-0.97
11940.0	-0.97
11942.0	-0.97
11944.0	-0.97
11946.0	-0.97
11948.0	-0.97
11950.0	-0.97
11952.0	-0.98
11954.0	-0.98
11956.0	-0.98
11958.0	-0.98
11960.0	-0.98
11962.0	-0.98
11964.0	-0.98
11966.0	-0.98
11968.0	-0.98
11970.0	-0.98
11972.0	-0.99
11974.0	-0.99
11976.0	-0.99
11978.0	-0.99
11980.0	-0.99
11982.0	-0.99
11984.0	-0.99
11986.0	-0.99
11988.0	-0.99
11990.0	-0.99
11992.0	-1.00
11994.0	-1.00
11996.0	-1.00
11998.0	-1.00
12000.0	-1.00
12002.0	-1.00
12004.0	-1.00
12006.0	-1.00
12008.0	-1.00
12010.0	-1.00
12012.0	-1.01
12014.0	-1.01
12016.0	-1.01
12018.0	-1.01
12020.0	-1.01
12022.0	-1.01
12024.0	-1.01
12026.0	-1.01
12028.0	-1.01
12030.0	-1.01
12032.0	-1.02
12034.0	-1.02
12036.0	-1.02
12038.0	-1.02
12040.0	-1.02
12042.0	-1.02
12044.0	-1.02
12046.0	-1.02
12048.0	-1.02
12050.0	-1.02
12052.0	-1.03
12054.0	-1.03
12056.0	-1.03
12058.0	-1.03
12060.0	-1.03
12062.0	-1.03
12064.0	-1.03
12066.0	-1.03
12068.0	-1.03
12070.0	-1.03
12072.0	-1.04
12074.0	-1.04
12076.0	-1.04
12078.0	-1.04
12080.0	-1.04
12082.0	-1.04
12084.0	-1.04
12086.0	-1.04
12088.0	-1.04
12090.0	-1.04
12092.0	-1.05
12094.0	-1.05
12096.0	-1.05
12098.0	-1.05
12100.0	-1.05
12102.0	-1.05
12104.0	-1.05
12106.0	-1.05
12108.0	-1.05
12110.0	-1.05
12112.0	-1.06
12114.0	-1.06
12116.0	-1.06
12118.0	-1.06
12120.0	-1.06
12122.0	-1.06
12124.0	-1.06
12126.0	-1.06
12128.0	-1.06
12130.0	-1.06
12132.0	-1.07
12134.0	-1.07
12136.0	-1.07
12138.0	-1.07
12140.0	-1.07
12142.0	-1.07
12144.0	-1.07
12146.0	-1.07
12148.0	-1.07
12150.0	-1.07
12152.0	-1.08
12154.0	-1.08
12156.0	-1.08
12158.0	-1.08
12160.0	-1.08
12162.0	-1.08
12164.0	-1.08
12166.0	-1.08
12168.0	-1.08
12170.0	-1.08
12172.0	-1.09
12174.0	-1.09
12176.0	-1.09
12178.0	-1.09
12180.0	-1.09
12182.0	-1.09
12184.0	-1.09
12186.0	-1.09
12188.0	-1.09
12190.0	-1.09
12192.0	-1.10
12194.0	-1.10
12196.0	-1.10
12198.0	-1.10
12200.0	-1.10
12202.0	-1.10
12204.0	-1.10
12206.0	-1.10
12208.0	-1.10
12210.0	-1.10
12212.0	-1.11
12214.0	-1.11
12216.0	-1.11
12218.0	-1.11
12220.0	-1.11
12222.0	-1.11
12224.0	-1.11
12226.0	-1.11
12228.0	-1.11
12230.0	-1.11
12232.0	-1.12
12234.0	-1.12
12236.0	-1.12
12238.0	-1.12
12240.0	-1.12
12242.0	-1.12
12244.0	-1.12
12246.0	-1.12
12248.0	-1.12
12250.0	-1.12
12252.0	-1.13
12254.0	-1.13
12256.0	-1.13
12258.0	-1.13
12260.0	-1.13
12262.0	-1.13
12264.0	-1.13
12266.0	-1.13
12268.0	-1.13
12270.0	-1.14
12272.0	-1.14
12274.0	-1.14
12276.0	-1.14
12278.0	-1.14
12280.0	-1.14
12282.0	-1.14
12284.0	-1.14
12286.0	-1.14
12288.0	-1.14
12290.0	-1.15
12292.0	-1.15
12294.0	-1.15
12296.0	-1.15
12298.0	-1.15
12300.0	-1.15
12302.0	-1.15
12304.0	-1.15
12306.0	-1.15
12308.0	-1.15
12310.0	-1.16
12312.0	-1.16
12314.0	-1.16
12316.0	-1.16
12318.0	-1.16
12320.0	-1.16
12322.0	-1.16
12324.0	-1.16
12326.0	-1.16
12328.0	-1.16
12330.0	-1.17
12332.0	-1.17
12334.0	-1.17
12336.0	-1.17
12338.0	-1.17
12340.0	-1.17
12342.0	-1.17
12344.0	-1.17
12346.0	-1.17
12348.0	-1.17
12350.0	-1.18
12352.0	-1.18
12354.0	-1.18
12356.0	-1.18
12358.0	-1.18
12360.0	-1.18
12362.0	-1.18
12364.0	-1.18
12366.0	-1.18
12368.0	-1.18
12370.0	-1.19
12372.0	-1.19
12374.0	-1.19
12376.0	-1.19
12378.0	-1.19
12380.0	-1.19
12382.0	-1.19
12384.0	-1.19
12386.0	-1.19
12388.0	-1.19
12390.0	-1.20
12392.0	-1.20
12394.0	-1.20
12396.0	-1.20
12398.0	-1.20
12400.0	-1.20
12402.0	-1.20
12404.0	-1.20
12406.0	-1.20
12408.0	-1.20
12410.0	-1.21
12412.0	-1.21
12414.0	-1.21
12416.0	-1.21
12418.0	-1.21
12420.0	-1.21
12422.0	-1.21
12424.0	-1.21
12426.0	-1.21
12428.0	-1.21
12430.0	-1.22
12432.0	-1.22
12434.0	-1.22
12436.0	-1.22
12438.0	-1.22
12440.0	-1.22
12442.0	-1.22
12444.0	-1.22
12446.0	-1.22
12448.0	-1.22
12450.0	-1.23
12452.0	-1.23
12454.0	-1.23
12456.0	-1.23
12458.0	-1.23
12460.0	-1.23
12462.0	-1.23
12464.0	-1.23
12466.0	-1.23
12468.0	-1.23
12470.0	-1.24
12472.0	-1.24
12474.0	-1.24
12476.0	-1.24
12478.0	-1.24
12480.0	-1.24
12482.0	-1.24
12484.0	-1.24
12486.0	-1.24
12488.0	-1.24
12490.0	-1.25
12492.0	-1.25
12494.0	-1.25
12496.0	-1.25
12498.0	-1.25
12500.0	-1.25
12502.0	-1.25
12504.0	-1.25
12506.0	-1.25
12508.0	-1.25
12510.0	-1.25
12512.0	-1.26
12514.0	-1.26
12516.0	-1.26
12518.0	-1.26
12520.0	-1.26
12522.0	-1.26
12524.0	-1.26
12526.0	-1.26
12528.0	-1.26
12530.0	-1.27
12532.0	-1.27
12534.0	-1.27
12536.0	-1.27
12538.0	-1.27
12540.0	-1.27
12542.0	-1.27
12544.0	-1.27
12546.0	-1.27
12548.0	-1.27
12550.0	-1.27
12552.0	-1.28
12554.0	-1.28
12556.0	-1.28
12558.0	-1.28
12560.0	-1.28
12562.0	-1.28
12564.0	-1.28
12566.0	-1.28
12568.0	-1.28
12570.0	-1.29
12572.0	-1.29
12574.0	-1.29
12576.0	-1.29
12578.0	-1.29
12580.0	-1.29
12582.0	-1.29
12584.0	-1.29
12586.0	-1.29
12588.0	-1.29
12590.0	-1.29
12592.0	-1.30
12594.0	-1.30
12596.0	-1.30
12598.0	-1.30
12600.0	-1.30
12602.0	-1.30
12604.0	-1.30
12606.0	-1.30
12608.0	-1.30
12610.0	-1.30
12612.0	-1.31
12614.0	-1.31
12616.0	-1.31
12618.0	-1.31
12620.0	-1.31
12622.0	-1.31
12624.0	-1.31
12626.0	-1.31
12628.0	-1.31
12630.0	-1.31
12632.0	-1.32
12634.0	-1.32
12636.0	-1.32
12638.0	-1.32
12640.0	-1.32
12642.0	-1.32
12644.0	-1.32
12646.0	-1.32
12648.0	-1.32
12650.0	-1.32
12652.0	-1.33
12654.0	-1.33
12656.0	-1.33
12658.0	-1.33
12660.0	-1.33
12662.0	-1.33
12664.0	-1.33
12666.0	-1.33
12668.0	-1.33
12670.0	-1.33
12672.0	-1.34
12674.0	-1.34
12676.0	-1.34
12678.0	-1.34
12680.0	-1.34
12682.0	-1.34
12684.0	-1.34
12686.0	-1.34
12688.0	-1.34
12690.0	-1.34
12692.0	-1.35
12694.0	-1.35
12696.0	-1.35
12698.0	-1.35
12700.0	-1.35
12702.0	-1.35
12704.0	-1.35
12706.0	-1.35
12708.0	-1.35
12710.0	-1.35
12712.0	-1.36
12714.0	-1.36
12716.0	-1.36
12718.0	-1.36
12720.0	-1.36
12722.0	-1.36
12724.0	-1.36
12726.0	-1.36
12728.0	-1.36
12730.0	-1.36
12732.0	-1.37
12734.0	-1.37
12736.0	-1.37
12738.0	-1.37
12740.0	-1.37
12742.0	-1.37
12744.0	-1.37
12746.0	-1.37
12748.0	-1.37
12750.0	-1.38
12752.0	-1.38
12754.0	-1.38
12756.0	-1.38
12758.0	-1.38
12760.0	-1.38
12762.0	-1.38
12764.0	-1.38
12766.0	-1.38
12768.0	-1.38
12770.0	-1.39
12772.0	-1.39
12774.0	-1.39
12776.0	-1.39
12778.0	-1.39
12780.0	-1.39
12782.0	-1.39
12784.0	-1.39
12786.0	-1.39
12788.0	-1.39
12790.0	-1.40
12792.0	-1.40
12794.0	-1.40
12796.0	-1.40
12798.0	-1.40
12800.0	-1.40
12802.0	-1.40
12804.0	-1.40
12806.0	-1.40
12808.0	-1.40
12810.0	-1.41
12812.0	-1.41
12814.0	-1.41
12816.0	-1.41
12818.0	-1.41
12820.0	-1.41
12822.0	-1.41
12824.0	-1.41
12826.0	-1.41
12828.0	-1.41
12830.0	-1.42
12832.0	-1.42
12834.0	-1.42
12836.0	-1.42
12838.0	-1.42
12840.0	-1.42
12842.0	-1.42
12844.0	-1.42
12846.0	-1.42
12848.0	-1.42
12850.0	-1.43
12852.0	-1.43
12854.0	-1.43
12856.0	-1.43
12858.0	-1.43
12860.0	-1.43
12862.0	-1.43
12864.0	-1.43
12866.0	-1.43
12868.0	-1.43
12870.0	-1.44
12872.0	-1.44
12874.0	-1.44
12876.0	-1.44
12878.0	-1.44
12880.0	-1.44
12882.0	-1.44
12884.0	-1.44
12886.0	-1.44
12888.0	-1.44
12890.0	-1.45
12892.0	-1.45
12894.0	-1.45
12896.0	-1.45
12898.0	-1.45
12900.0	-1.45
12902.0	-1.45
12904.0	-1.45
12906.0	-1.45
12908.0	-1.45
12910.0	-1.46
12912.0	-1.46
12914.0	-1.46
12916.0	-1.46
12918.0	-1.46
12920.0	-1.46
12922.0	-1.46
12924.0	-1.46
12926.0	-1.46
12928.0	-1.46
12930.0	-1.47
12932.0	-1.47
12934.0	-1.47
12936.0	-1.47
12938.0	-1.47
12940.0	-1.47
12942.0	-1.47
12944.0	-1.47
12946.0	-1.47
12948.0	-1.47
12950.0	-1.48
12952.0	-1.48
12954.0	-1.48
12956.0	-1.48
12958.0	-1.48
12960.0	-1.48
12962.0	-1.48
12964.0	-1.48
12966.0	-1.48
12968.0	-1.48
12970.0	-1.48
12972.0	-1.49
12974.0	-1.49
12976.0	-1.49
12978.0	-1.49
12980.0	-1.49
12982.0	-1.49
12984.0	-1.49
12986.0	-1.49
12988.0	-1.49
12990.0	-1.50
12992.0	-1.50
12994.0	-1.50
12996.0	-1.50
12998.0	-1.50
13000.0	-1.50
13002.0	-1.50
13004.0	-1.50
13006.0	-1.50
13008.0	-1.50
13010.0	-1.50
13012.0	-1.51
13014.0	-1.51
13016.0	-1.51
13018.0	-1.51
13020.0	-1.51
13022.0	-1.51
13024.0	-1.51
13026.0	-1.51
13028.0	-1.51
13030.0	-1.52
13032.0	-1.52
13034.0	-1.52
13036.0	-1.52
13038.0	-1.52
13040.0	-1.52
13042.0	-1.52
13044.0	-1.52
13046.0	-1.52
13048.0	-1.52
13050.0	-1.52
13052.0	-1.53
13054.0	-1.53
13056.0	-1.53
13058.0	-1.53
13060.0	-1.53
13062.0	-1.53
13064.0	-1.53
13066.0	-1.53
13068.0	-1.53
13070.0	-1.54
13072.0	-1.54
13074.0	-1.54
13076.0	-1.54
13078.0	-1.54
13080.0	-1.54
13082.0	-1.54
13084.0	-1.54
13086.0	-1.54
13088.0	-1.54
13090.0	-1.54
13092.0	-1.55
13094.0	-1.55
13096.0	-1.55
13098.0	-1.55
13100.0	-1.55
13102.0	-1.55
13104.0	-1.55
13106.0	-1.55
13108.0	-1.55
13110.0	-1.56
13112.0	-1.56
13114.0	-1.56
13116.0	-1.56
13118.0	-1.56
13120.0	-1.56
13122.0	-1.56
13124.0	-1.56
13126.0	-1.56
13128.0	-1.56
13130.0	-1.56
13132.0	-1.57
13134.0	-1.57
13136.0	-1.57
13138.0	-1.57
13140.0	-1.57
13142.0	-1.57
13144.0	-1.57
13146.0	-1.57
13148.0	-1.57
13150.0	-1.58
13152.0	-1.58
13154.0	-1.58
13156.0	-1.58
13158.0	-1.58
13160.0	-1.58
13162.0	-1.58
13164.0	-1.58
13166.0	-1.58
13168.0	-1.58
13170.0	-1.58
13172.0	-1.59
13174.0	-1.59
13176.0	-1.59
13178.0	-1.59
13180.0	-1.59
13182.0	-1.59
13184.0	-1.59
13186.0	-1.59
13188.0	-1.59
13190.0	-1.59
13192.0	-1.60
13194.0	-1.60
13196.0	-1.60
13198.0	-1.60
13200.0	-1.60
13202.0	-1.60
13204.0	-1.60
13206.0	-1.60
13208.0	-1.60
13210.0	-1.60
13212.0	-1.61
13214.0	-1.61
13216.0	-1.61
13218.0	-1.61
13220.0	-1.61
13222.0	-1.61
13224.0	-1.61
13226.0	-1.61
13228.0	-1.61
13230.0	-1.61
13232.0	-1.62
13234.0	-1.62
13236.0	-1.62
13238.0	-1.62
13240.0	-1.62
13242.0	-1.62
13244.0	-1.62
13246.0	-1.62
13248.0	-1.62
13250.0	-1.62
13252.0	-1.63
13254.0	-1.63
13256.0	-1.63
13258.0	-1.63
13260.0	-1.63
13262.0	-1.63
13264.0	-1.63
13266.0	-1.63
13268.0	-1.63
13270.0	-1.64
13272.0	-1.64
13274.0	-1.64
13276.0	-1.64
13278.0	-1.64
13280.0	-1.64
13282.0	-1.64
13284.0	-1.64
13286.0	-1.64
13288.0	-1.64
13290.0	-1.65
13292.0	-1.65
13294.0	-1.65
13296.0	-1.65
13298.0	-1.65
13300.0	-1.65
13302.0	-1.65
13304.0	-1.65
13306.0	-1.65
13308.0	-1.65
13310.0	-1.66
13312.0	-1.66
13314.0	-1.66
13316.0	-1.66
13318.0	-1.66
13320.0	-1.66
13322.0	-1.66
13324.0	-1.66
13326.0	-1.66
13328.0	-1.66
13330.0	-1.67
13332.0	-1.67
13334.0	-1.67
13336.0	-1.67
13338.0	-1.67
13340.0	-1.67
13342.0	-1.67
13344.0	-1.67
13346.0	-1.67
13348.0	-1.67
13350.0	-1.68
13352.0	-1.68
13354.0	-1.68
13356.0	-1.68
13358.0	-1.68
13360.0	-1.68
13362.0	-1.68
13364.0	-1.68
13366.0	-1.68
13368.0	-1.68
13370.0	-1.69
13372.0	-1.69
13374.0	-1.69
13376.0	-1.69
13378.0	-1.69
13380.0	-1.69
13382.0	-1.69
13384.0	-1.69
13386.0	-1.69
13388.0	-1.69
13390.0	-1.70
13392.0	-1.70
13394.0	-1.70
13396.0	-1.70
13398.0	-1.70
13400.0	-1.70
13402.0	-1.70
13404.0	-1.70
13406.0	-1.70
13408.0	-1.70
13410.0	-1.71
13412.0	-1.71
13414.0	-1.71
13416.0	-1.71
13418.0	-1.71
13420.0	-1.71
13422.0	-1.71
13424.0	-1.71
13426.0	-1.71
13428.0	-1.71
13430.0	-1.71
13432.0	-1.72
13434.0	-1.72
13436.0	-1.72
13438.0	-1.72
13440.0	-1.72
13442.0	-1.72
13444.0	-1.72
13446.0	-1.72
13448.0	-1.72
13450.0	-1.73
13452.0	-1.73
13454.0	-1.73
13456.0	-1.73
13458.0	-1.73
13460.0	-1.73
13462.0	-1.73
13464.0	-1.73
13466.0	-1.73
13468.0	-1.73
13470.0	-1.73
13472.0	-1.74
13474.0	-1.74
13476.0	-1.74
13478.0	-1.74
13480.0	-1.74
13482.0	-1.74
13484.0	-1.74
13486.0	-1.74
13488.0	-1.74
13490.0	-1.75
13492.0	-1.75
13494.0	-1.75
13496.0	-1.75
13498.0	-1.75
13500.0	-1.75
13502.0	-1.75
13504.0	-1.75
13506.0	-1.75
13508.0	-1.75
13510.0	-1.75
13512.0	-1.76
13514.0	-1.76
13516.0	-1.76
13518.0	-1.76
13520.0	-1.76
13522.0	-1.76
13524.0	-1.76
13526.0	-1.76
13528.0	-1.76
13530.0	-1.77
13532.0	-1.77
13534.0	-1.77
13536.0	-1.77
13538.0	-1.77
13540.0	-1.77
13542.0	-1.77
13544.0	-1.77
13546.0	-1.77
13548.0	-1.77
13550.0	-1.77
13552.0	-1.78
13554.0	-1.78
13556.0	-1.78
13558.0	-1.78
13560.0	-1.78
13562.0	-1.78
13564.0	-1.78
13566.0	-1.78
13568.0	-1.78
13570.0	-1.79
13572.0	-1.79
13574.0	-1.79
13576.0	-1.79
13578.0	-1.79
13580.0	-1.79
13582.0	-1.79
13584.0	-1.79
13586.0	-1.79
13588.0	-1.79
13590.0	-1.79
13592.0	-1.80
13594.0	-1.80
13596.0	-1.80
13598.0	-1.80
13600.0	-1.80
13602.0	-1.80
13604.0	-1.80
13606.0	-1.80
13608.0	-1.80
13610.0	-1.81
13612.0	-1.81
13614.0	-1.81
13616.0	-1.81
13618.0	-1.81
13620.0	-1.81
13622.0	-1.81
13624.0	-1.81
13626.0	-1.81
13628.0	-1.81
13630.0	-1.81
13632.0	-1.82
13634.0	-1.82
13636.0	-1.82
13638.0	-1.82
13640.0	-1.82
13642.0	-1.82
13644.0	-1.82
13646.0	-1.82
13648.0	-1.82
13650.0	-1.83
13652.0	-1.83
13654.0	-1.83
13656.0	-1.83
13658.0	-1.83
13660.0	-1.83
13662.0	-1.83
13664.0	-1.83
13666.0	-1.83
13668.0	-1.83
13670.0	-1.83
13672.0	-1.84
13674.0	-1.84
13676.0	-1.84
13678.0	-1.84
13680.0	-1.84
13682.0	-1.84
13684.0	-1.84
13686.0	-1.84
13688.0	-1.84
13690.0	-1.84
13692.0	-1.85
13694.0	-1.85
13696.0	-1.85
13698.0	-1.85
13700.0	-1.85
13702.0	-1.85
13704.0	-1.85
13706.0	-1.85
13708.0	-1.85
13710.0	-1.85
13712.0	-1.86
13714.0	-1.86
13716.0	-1.86
13718.0	-1.86
13720.0	-1.86
13722.0	-1.86
13724.0	-1.86
13726.0	-1.86
13728.0	-1.86
13730.0	-1.86
13732.0	-1.87
13734.0	-1.87
13736.0	-1.87
13738.0	-1.87
13740.0	-1.87
13742.0	-1.87
13744.0	-1.87
13746.0	-1.87
13748.0	-1.87
13750.0	-1.88
13752.0	-1.88
13754.0	-1.88
13756.0	-1.88
13758.0	-1.88
13760.0	-1.88
13762.0	-1.88
13764.0	-1.88
13766.0	-1.88
13768.0	-1.88
13770.0	-1.89
13772.0	-1.89
13774.0	-1.89
13776.0	-1.89
13778.0	-1.89
13780.0	-1.89
13782.0	-1.89
13784.0	-1.89
13786.0	-1.89
13788.0	-1.89
13790.0	-1.90
13792.0	-1.90
13794.0	-1.90
13796.0	-1.90
13798.0	-1.90
13800.0	-1.90
13802.0	-1.90
13804.0	-1.90
13806.0	-1.90
13808.0	-1.90
13810.0	-1.91
13812.0	-1.91
13814.0	-1.91
13816.0	-1.91
13818.0	-1.91
13820.0	-1.91
13822.0	-1.91
13824.0	-1.91
13826.0	-1.91
13828.0	-1.91
13830.0	-1.92
13832.0	-1.92
13834.0	-1.92
13836.0	-1.92
13838.0	-1.92
13840.0	-1.92
13842.0	-1.92
13844.0	-1.92
13846.0	-1.92
13848.0	-1.92
13850.0	-1.93
13852.0	-1.93
13854.0	-1.93
13856.0	-1.93
13858.0	-1.93
13860.0	-1.93
13862.0	-1.93
13864.0	-1.93
13866.0	-1.93
13868.0	-1.93
13870.0	-1.94
13872.0	-1.94
13874.0	-1.94
13876.0	-1.94
13878.0	-1.94
13880.0	-1.94
13882.0	-1.94
13884.0	-1.94
13886.0	-1.94
13888.0	-1.94
13890.0	-1.95
13892.0	-1.95
13894.0	-1.95
13896.0	-1.95
13898.0	-1.95
13900.0	-1.95
13902.0	-1.95
13904.0	-1.95
13906.0	-1.95
13908.0	-1.95
13910.0	-1.96
13912.0	-1.96
13914.0	-1.96
13916.0	-1.96
13918.0	-1.96
13920.0	-1.96
13922.0	-1.96
13924.0	-1.96
13926.0	-1.96
13928.0	-1.96
13930.0	-1.96
13932.0	-1.97
13934.0	-1.97
13936.0	-1.97
13938.0	-1.97
13940.0	-1.97
13942.0	-1.97
13944.0	-1.97
13946.0	-1.97
13948.0	-1.97
13950.0	-1.98
13952.0	-1.98
13954.0	-1.98
13956.0	-1.98
13958.0	-1.98
13960.0	-1.98
13962.0	-1.98
13964.0	-1.98
13966.0	-1.98
13968.0	-1.98
13970.0	-1.98
13972.0	-1.99
13974.0	-1.99
13976.0	-1.99
13978.0	-1.99
13980.0	-1.99
13982.0	-1.99
13984.0	-1.99
13986.0	-1.99
13988.0	-1.99
13990.0	-2.00
13992.0	-2.00
13994.0	-2.00
13996.0	-2.00
13998.0	-2.00
14000.0	-2.00
14002.0	-2.00
14004.0	-2.00
14006.0	-2.00
14008.0	-2.00
14010.0	-2.00
14012.0	-2.01
14014.0	-2.01
14016.0	-2.01
14018.0	-2.01
14020.0	-2.01
14022.0	-2.01
14024.0	-2.01
14026.0	-2.01
14028.0	-2.01
14030.0	-2.02
14032.0	-2.02
14034.0	-2.02
14036.0	-2.02
14038.0	-2.02
14040.0	-2.02
14042.0	-2.02
14044.0	-2.02
14046.0	-2.02
14048.0	-2.02
14050.0	-2.02
14052.0	-2.03
14054.0	-2.03
14056.0	-2.03
14058.0	-2.03
14060.0	-2.03
14062.0	-2.03
14064.0	-2.03
14066.0	-2.03
14068.0	-2.03
14070.0	-2.04
14072.0	-2.04
14074.0	-2.04
14076.0	-2.04
14078.0	-2.04
14080.0	-2.04
14082.0	-2.04
14084.0	-2.04
14086.0	-2.04
14088.0	-2.04
14090.0	-2.04
14092.0	-2.05
14094.0	-2.05
14096.0	-2.05
14098.0	-2.05
14100.0	-2.05
14102.0	-2.05
14104.0	-2.05
14106.0	-2.05
14108.0	-2.05
14110.0	-2.06
14112.0	-2.06
14114.0	-2.06
14116.0	-2.06
14118.0	-2.06
14120.0	-2.06
14122.0	-2.06
14124.0	-2.06
14126.0	-2.06
14128.0	-2.06
14130.0	-2.06
14132.0	-2.07
14134.0	-2.07
14136.0	-2.07
14138.0	-2.07
14140.0	-2.07
14142.0	-2.07
14144.0	-2.07
14146.0	-2.07
14148.0	-2.07
14150.0	-2.08
14152.0	-2.08
14154.0	-2.08
14156.0	-2.08
14158.0	-2.08
14160.0	-2.08
14162.0	-2.08
14164.0	-2.08
14166.0	-2.08
14168.0	-2.08
14170.0	-2.08
14172.0	-2.09
14174.0	-2.09
14176.0	-2.09
14178.0	-2.09
14180.0	-2.09
14182.0	-2.09
14184.0	-2.09
14186.0	-2.09
14188.0	-2.09
14190.0	-2.10
14192.0	-2.10
14194.0	-2.10
14196.0	-2.10
14198.0	-2.10
14200.0	-2.10
14202.0	-2.10
14204.0	-2.10
14206.0	-2.10
14208.0	-2.10
14210.0	-2.10
14212.0	-2.11
14214.0	-2.11
14216.0	-2.11
14218.0	-2.11
14220.0	-2.11
14222.0	-2.11
14224.0	-2.11
14226.0	-2.11
14228.0	-2.11
14230.0	-2.12
14232.0	-2.12
14234.0	-2.12
14236.0	-2.12
14238.0	-2.12
14240.0	-2.12
14242.0	-2.12
14244.0	-2.12
14246.0	-2.12
14248.0	-2.12
14250.0	-2.12
14252.0	-2.13
14254.0	-2.13
14256.0	-2.13
14258.0	-2.13
14260.0	-2.13
14262.0	-2.13
14264.0	-2.13
14266.0	-2.13
14268.0	-2.13
14270.0	-2.13
14272.0	-2.14
14274.0	-2.14
14276.0	-2.14
14278.0	-2.14
14280.0	-2.14
14282.0	-2.14
14284.0	-2.14
14286.0	-2.14
14288.0	-2.14
14290.0	-2.15
14292.0	-2.15
14294.0	-2.15
14296.0	-2.15
14298.0	-2.15
14300.0	-2.15
14302.0	-2.15
14304.0	-2.15
14306.0	-2.15
14308.0	-2.15
14310.0	-2.15
14312.0	-2.16
14314.0	-2.16
14316.0	-2.16
14318.0	-2.16
14320.0	-2.16
14322.0	-2.16
14324.0	-2.16
14326.0	-2.16
14328.0	-2.16
14330.0	-2.17
14332.0	-2.17
14334.0	-2.17
14336.0	-2.17
14338.0	-2.17
14340.0	-2.17
14342.0	-2.17
14344.0	-2.17
14346.0	-2.17
14348.0	-2.17
14350.0	-2.17
14352.0	-2.18
14354.0	-2.18
14356.0	-2.18
14358.0	-2.18
14360.0	-2.18
14362.0	-2.18
14364.0	-2.18
14366.0	-2.18
14368.0	-2.18
14370.0	-2.19
14372.0	-2.19
14374.0	-2.19
14376.0	-2.19
14378.0	-2.19
14380.0	-2.19
14382.0	-2.19
14384.0	-2.19
14386.0	-2.19
14388.0	-2.19
14390.0	-2.19
14392.0	-2.20
14394.0	-2.20
14396.0	-2.20
14398.0	-2.20
14400.0	-2.20
14402.0	-2.20
14404.0	-2.20
14406.0	-2.20
14408.0	-2.20
14410.0	-2.21
14412.0	-2.21
14414.0	-2.21
14416.0	-2.21
14418.0	-2.21
14420.0	-2.21
14422.0	-2.21
14424.0	-2.21
14426.0	-2.21
14428.0	-2.21
14430.0	-2.21
14432.0	-2.22
14434.0	-2.22
14436.0	-2.22
14438.0	-2.22
14440.0	-2.22
14442.0	-2.22
14444.0	-2.22
14446.0	-2.22
14448.0	-2.22
14450.0	-2.23
14452.0	-2.23
14454.0	-2.23
14456.0	-2.23
14458.0	-2.23
14460.0	-2.23
14462.0	-2.23
14464.0	-2.23
14466.0	-2.23
14468.0	-2.23
14470.0	-2.23
14472.0	-2.24
14474.0	-2.24
14476.0	-2.24
14478.0	-2.24
14480.0	-2.24
14482.0	-2.24
14484.0	-2.24
14486.0	-2.24
14488.0	-2.24
14490.0	-2.25
14492.0	-2.25
14494.0	-2.25
14496.0	-2.25
14498.0	-2.25
14500.0	-2.25
14502.0	-2.25
14504.0	-2.25
14506.0	-2.25
14508.0	-2.25
14510.0	-2.25
14512.0	-2.26
14514.0	-2.26
14516.0	-2.26
14518.0	-2.26
14520.0	-2.26
14522.0	-2.26
14524.0	-2.26
14526.0	-2.26
14528.0	-2.26
14530.0	-2.27
14532.0	-2.27
14534.0	-2.27
14536.0	-2.27
14538.0	-2.27
14540.0	-2.27
14542.0	-2.27
14544.0	-2.27
14546.0	-2.27
14548.0	-2.27
14550.0	-2.27
14552.0	-2.28
14554.0	-2.28
14556.0	-2.28
14558.0	-2.28
14560.0	-2.28
14562.0	-2.28
14564.0	-2.28
14566.0	-2.28
14568.0	-2.28
14570.0	-2.29
14572.0	-2.29
14574.0	-2.29
14576.0	-2.29
14578.0	-2.29
14580.0	-2.29
14582.0	-2.29
14584.0	-2.29
14586.0	-2.29
14588.0	-2.29
14590.0	-2.29
14592.0	-2.30
14594.0	-2.30
14596.0	-2.30
14598.0	-2.30
14600.0	-2.30
14602.0	-2.30
14604.0	-2.30
14606.0	-2.30
14608.0	-2.30
14610.0	-2.31
14612.0	-2.31
14614.0	-2.31
14616.0	-2.31
14618.0	-2.31
14620.0	-2.31
14622.0	-2.31
14624.0	-2.31
14626.0	-2.31
14628.0	-2.31
14630.0	-2.31
14632.0	-2.32
14634.0	-2.32
14636.0	-2.32
14638.0	-2.32
14640.0	-2.32
14642.0	-2.32
14644.0	-2.32
14646.0	-2.32
14648.0	-2.32
14650.0	-2.33
14652.0	-2.33
14654.0	-2.33
14656.0	-2.33
14658.0	-2.33
14660.0	-2.33
14662.0	-2.33
14664.0	-2.33
14666.0	-2.33
14668.0	-2.33
14670.0	-2.33
14672.0	-2.34
14674.0	-2.34
14676.0	-2.34
14678.0	-2.34
14680.0	-2.34
14682.0	-2.34
14684.0	-2.34
14686.0	-2.34
14688.0	-2.34
14690.0	-2.35
14692.0	-2.35
14694.0	-2.35
14696.0	-2.35
14698.0	-2.35
14700.0	-2.35
14702.0	-2.35
14704.0	-2.35
14706.0	-2.35
14708.0	-2.35
14710.0	-2.35
14712.0	-2.36
14714.0	-2.36
14716.0	-2.36
14718.0	-2.36
14720.0	-2.36
14722.0	-2.36
14724.0	-2.36
14726.0	-2.36
14728.0	-2.36
14730.0	-2.37
14732.0	-2.37
14734.0	-2.37
14736.0	-2.37
14738.0	-2.37
14740.0	-2.37
14742.0	-2.37
14744.0	-2.37
14746.0	-2.37
14748.0	-2.37
14750.0	-2.38
14752.0	-2.38
14754.0	-2.38
14756.0	-2.38
14758.0	-2.38
14760.0	-2.38
14762.0	-2.38
14764.0	-2.38
14766.0	-2.38
14768.0	-2.38
14770.0	-2.38
14772.0	-2.39
14774.0	-2.39
14776.0	-2.39
14778.0	-2.39
14780.0	-2.39
14782.0	-2.39
14784.0	-2.39
14786.0	-2.39
14788.0	-2.39
14790.0	-2.40
14792.0	-2.40
14794.0	-2.40
14796.0	-2.40
14798.0	-2.40
14800.0	-2.40
14802.0	-2.40
14804.0	-2.40
14806.0	-2.40
14808.0	-2.40
14810.0	-2.41
14812.0	-2.41
14814.0	-2.41
14816.0	-2.41
14818.0	-2.41
14820.0	-2.41
14822.0	-2.41
14824.0	-2.41
14826.0	-2.41
14828.0	-2.41
14830.0	-2.42
14832.0	-2.42
14834.0	-2.42
14836.0	-2.42
14838.0	-2.42
14840.0	-2.42
14842.0	-2.42
14844.0	-2.42
14846.0	-2.42
14848.0	-2.42
14850.0	-2.42
14852.0	-2.43
14854.0	-2.43
14856.0	-2.43
14858.0	-2.43
14860.0	-2.43
14862.0	-2.43
14864.0	-2.43
14866.0	-2.43
14868.0	-2.43
14870.0	-2.44
14872.0	-2.44
14874.0	-2.44
14876.0	-2.44
14878.0	-2.44
14880.0	-2.44
14882.0	-2.44
14884.0	-2.44
14886.0	-2.44
14888.0	-2.44
14890.0	-2.44
14892.0	-2.45
14894.0	-2.45
14896.0	-2.45
14898.0	-2.45
14900.0	-2.45
14902.0	-2.45
14904.0	-2.45
14906.0	-2.45
14908.0	-2.45
14910.0	-2.46
14912.0	-2.46
14914.0	-2.46
14916.0	-2.46
14918.0	-2.46
14920.0	-2.46
14922.0	-2.46
14924.0	-2.46
14926.0	-2.46
14928.0	-2.46
14930.0	-2.46
14932.0	-2.47
14934.0	-2.47
14936.0	-2.47
14938.0	-2.47
14940.0	-2.47
14942.0	-2.47
14944.0	-2.47
14946.0	-2.47
14948.0	-2.47
14950.0	-2.48
14952.0	-2.48
14954.0	-2.48
14956.0	-2.48
14958.0	-2.48
14960.0	-2.48
14962.0	-2.48
14964.0	-2.48
14966.0	-2.48
14968.0	-2.48
14970.0	-2.48
14972.0	-2.49
14974.0	-2.49
14976.0	-2.49
14978.0	-2.49
14980.0	-2.49
14982.0	-2.49
14984.0	-2.49
14986.0	-2.49
14988.0	-2.49
14990.0	-2.50
14992.0	-2.50
14994.0	-2.50
14996.0	-2.50
14998.0	-2.50
15000.0	-2.50
15002.0	-2.50
15004.0	-2.50
15006.0	-2.50
15008.0	-2.50
15010.0	-2.50
15012.0	-2.51
15014.0	-2.51
15016.0	-2.51
15018.0	-2.51
15020.0	-2.51
15022.0	-2.51
15024.0	-2.51
15026.0	-2.51
15028.0	-2.51
15030.0	-2.52
15032.0	-2.52
15034.0	-2.52
15036.0	-2.52
15038.0	-2.52
15040.0	-2.52
15042.0	-2.52
15044.0	-2.52
15046.0	-2.52
15048.0	-2.52
15050.0	-2.52
15052.0	-2.53
15054.0	-2.53
15056.0	-2.53
15058.0	-2.53
15060.0	-2.53
15062.0	-2.53
15064.0	-2.53
15066.0	-2.53
15068.0	-2.53
15070.0	-2.54
15072.0	-2.54
15074.0	-2.54
15076.0	-2.54
15078.0	-2.54
15080.0	-2.54
15082.0	-2.54
15084.0	-2.54
15086.0	-2.54
15088.0	-2.54
15090.0	-2.54
15092.0	-2.55
15094.0	-2.55
15096.0	-2.55
15098.0	-2.55
15100.0	-2.55
15102.0	-2.55
15104.0	-2.55
15106.0	-2.55
15108.0	-2.55
15110.0	-2.56
15112.0	-2.56
15114.0	-2.56
15116.0	-2.56
15118.0	-2.56
15120.0	-2.56
15122.0	-2.56
15124.0	-2.56
15126.0	-2.56
15128.0	-2.56
15130.0	-2.56
15132.0	-2.57
15134.0	-2.57
15136.0	-2.57
15138.0	-2.57
15140.0	-2.57
15142.0	-2.57
15144.0	-2.57
15146.0	-2.57
15148.0	-2.57
15150.0	-2.58
15152.0	-2.58
15154.0	-2.58
15156.0	-2.58
15158.0	-2.58
15160.0	-2.58
15162.0	-2.58
15164.0	-2.58
15166.0	-2.58
15168.0	-2.58
15170.0	-2.58
15172.0	-2.59
15174.0	-2.59
15176.0	-2.59
15178.0	-2.59
15180.0	-2.59
15182.0	-2.59
15184.0	-2.59
15186.0	-2.59
15188.0	-2.59
15190.0	-2.59
15192.0	-2.60
15194.0	-2.60
15196.0	-2.60
15198.0	-2.60
15200.0	-2.60
15202.0	-2.60
15204.0	-2.60
15206.0	-2.60
15208.0	-2.60
15210.0	-2.60
15212.0	-2.61
15214.0	-2.61
15216.0	-2.61
15218.0	-2.61
15220.0	-2.61
15222.0	-2.61
15224.0	-2.61
15226.0	-2.61
15228.0	-2.61
15230.0	-2.62
15232.0	-2.62
15234.0	-2.62
15236.0	-2.62
15238.0	-2.62
15240.0	-2.62
15242.0	-2.62
15244.0	-2.62
15246.0	-2.62
15248.0	-2.62
15250.0	-2.62
15252.0	-2.63
15254.0	-2.63
15256.0	-2.63
15258.0	-2.63
15260.0	-2.63
15262.0	-2.63
15264.0	-2.63
15266.0	-2.63
15268.0	-2.63
15270.0	-2.63
15272.0	-2.64
15274.0	-2.64
15276.0	-2.64
15278.0	-2.64
15280.0	-2.64
15282.0	-2.64
15284.0	-2.64
15286.0	-2.64
15288.0	-2.64
15290.0	-2.65
15292.0	-2.65
15294.0	-2.65
15296.0	-2.65
15298.0	-2.65
15300.0	-2.65
15302.0	-2.65
15304.0	-2.65
15306.0	-2.65
15308.0	-2.65
15310.0	-2.66
15312.0	-2.66
15314.0	-2.66
15316.0	-2.66
15318.0	-2.66
15320.0	-2.66
15322.0	-2.66
15324.0	-2.66
15326.0	-2.66
15328.0	-2.66
15330.0	-2.67
15332.0	-2.67
15334.0	-2.67
15336.0	-2.67
15338.0	-2.67
15340.0	-2.67
15342.0	-2.67
15344.0	-2.67
15346.0	-2.67
15348.0	-2.67
15350.0	-2.67
15352.0	-2.68
15354.0	-2.68
15356.0	-2.68
15358.0	-2.68
15360.0	-2.68
15362.0	-2.68
15364.0	-2.68
15366.0	-2.68
15368.0	-2.68
15370.0	-2.69
15372.0	-2.69
15374.0	-2.69
15376.0	-2.69
15378.0	-2.69
15380.0	-2.69
15382.0	-2.69
15384.0	-2.69
15386.0	-2.69
15388.0	-2.69
15390.0	-2.70
15392.0	-2.70
15394.0	-2.70
15396.0	-2.70
15398.0	-2.70
15400.0	-2.70
15402.0	-2.70
15404.0	-2.70
15406.0	-2.70
15408.0	-2.70
15410.0	-2.71
15412.0	-2.71
15414.0	-2.71
15416.0	-2.71
15418.0	-2.71
15420.0	-2.71
15422.0	-2.71
15424.0	-2.71
15426.0	-2.71
15428.0	-2.71
15430.0	-2.71
15432.0	-2.72
15434.0	-2.72
15436.0	-2.72
15438.0	-2.72
15440.0	-2.72
15442.0	-2.72
15444.0	-2.72
15446.0	-2.72
15448.0	-2.72
15450.0	-2.73
15452.0	-2.73
15454.0	-2.73
15456.0	-2.73
15458.0	-2.73
15460.0	-2.73
15462.0	-2.73
15464.0	-2.73
15466.0	-2.73
15468.0	-2.73
15470.0	-2.73
15472.0	-2.74
15474.0	-2.74
15476.0	-2.74
15478.0	-2.74
15480.0	-2.74
15482.0	-2.74
15484.0	-2.74
15486.0	-2.74
15488.0	-2.74
15490.0	-2.75
15492.0	-2.75
15494.0	-2.75
15496.0	-2.75
15498.0	-2.75
15500.0	-2.75
15502.0	-2.75
15504.0	-2.75
15506.0	-2.75
15508.0	-2.75
15510.0	-2.75
15512.0	-2.76
15514.0	-2.76
15516.0	-2.76
15518.0	-2.76
15520.0	-2.76
15522.0	-2.76
15524.0	-2.76
15526.0	-2.76
15528.0	-2.76
15530.0	-2.77
15532.0	-2.77
15534.0	-2.77
15536.0	-2.77
15538.0	-2.77
15540.0	-2.77
15542.0	-2.77
15544.0	-2.77
15546.0	-2.77
15548.0	-2.77
15550.0	-2.77
15552.0	-2.78
15554.0	-2.78
15556.0	-2.78
15558.0	-2.78
15560.0	-2.78
15562.0	-2.78
15564.0	-2.78
15566.0	-2.78
15568.0	-2.78
15570.0	-2.79
15572.0	-2.79
15574.0	-2.79
15576.0	-2.79
15578.0	-2.79
15580.0	-2.79
15582.0	-2.79
15584.0	-2.79
15586.0	-2.79
15588.0	-2.79
15590.0	-2.79
15592.0	-2.80
15594.0	-2.80
15596.0	-2.80
15598.0	-2.80
15600.0	-2.80
15602.0	-2.80
15604.0	-2.80
15606.0	-2.80
15608.0	-2.80
15610.0	-2.81
15612.0	-2.81
15614.0	-2.81
15616.0	-2.81
15618.0	-2.81
15620.0	-2.81
15622.0	-2.81
15624.0	-2.81
15626.0	-2.81
15628.0	-2.81
15630.0	-2.81
15632.0	-2.82
15634.0	-2.82
15636.0	-2.82
15638.0	-2.82
15640.0	-2.82
15642.0	-2.82
15644.0	-2.82
15646.0	-2.82
15648.0	-2.82
15650.0	-2.83
15652.0	-2.83
15654.0	-2.83
15656.0	-2.83
15658.0	-2.83
15660.0	-2.83
15662.0	-2.83
15664.0	-2.83
15666.0	-2.83
15668.0	-2.83
15670.0	-2.83
15672.0	-2.84
15674.0	-2.84
15676.0	-2.84
15678.0	-2.84
15680.0	-2.84
15682.0	-2.84
15684.0	-2.84
15686.0	-2.84
15688.0	-2.84
15690.0	-2.84
15692.0	-2.85
15694.0	-2.85
15696.0	-2.85
15698.0	-2.85
15700.0	-2.85
15702.0	-2.85
15704.0	-2.85
15706.0	-2.85
15708.0	-2.85
15710.0	-2.85
15712.0	-2.86
15714.0	-2.86
15716.0	-2.86
15718.0	-2.86
15720.0	-2.86
15722.0	-2.86
15724.0	-2.86
15726.0	-2.86
15728.0	-2.86
15730.0	-2.87
15732.0	-2.87
15734.0	-2.87
15736.0	-2.87
15738.0	-2.87
15740.0	-2.87
15742.0	-2.87
15744.0	-2.87
15746.0	-2.87
15748.0	-2.87
15750.0	-2.88
15752.0	-2.88
15754.0	-2.88
15756.0	-2.88
15758.0	-2.88
15760.0	-2.88
15762.0	-2.88
15764.0	-2.88
15766.0	-2.88
15768.0	-2.88
15770.0	-2.88
15772.0	-2.89
15774.0	-2.89
15776.0	-2.89
15778.0	-2.89
15780.0	-2.89
15782.0	-2.89
15784.0	-2.89
15786.0	-2.89
15788.0	-2.89
15790.0	-2.90
15792.0	-2.90
15794.0	-2.90
15796.0	-2.90
15798.0	-2.90
15800.0	-2.90
15802.0	-2.90
15804.0	-2.90
15806.0	-2.90
15808.0	-2.90
15810.0	-2.91
15812.0	-2.91
15814.0	-2.91
15816.0	-2.91
15818.0	-2.91
15820.0	-2.91
15822.0	-2.91
15824.0	-2.91
15826.0	-2.91
15828.0	-2.91
15830.0	-2.92
15832.0	-2.92
15834.0	-2.92
15836.0	-2.92
15838.0	-2.92
15840.0	-2.92
15842.0	-2.92
15844.0	-2.92
15846.0	-2.92
15848.0	-2.92
15850.0	-2.92
15852.0	-2.93
15854.0	-2.93
15856.0	-2.93
15858.0	-2.93
15860.0	-2.93
15862.0	-2.93
15864.0	-2.93
15866.0	-2.93
15868.0	-2.93
15870.0	-2.94
15872.0	-2.94
15874.0	-2.94
15876.0	-2.94
15878.0	-2.94
15880.0	-2.94
15882.0	-2.94
15884.0	-2.94
15886.0	-2.94
15888.0	-2.94
15890.0	-2.95
15892.0	-2.95
15894.0	-2.95
15896.0	-2.95
15898.0	-2.95
15900.0	-2.95
15902.0	-2.95
15904.0	-2.95
15906.0	-2.95
15908.0	-2.95
15910.0	-2.96
15912.0	-2.96
15914.0	-2.96
15916.0	-2.96
15918.0	-2.96
15920.0	-2.96
15922.0	-2.96
15924.0	-2.96
15926.0	-2.96
15928.0	-2.96
15930.0	-2.96
15932.0	-2.97
15934.0	-2.97
15936.0	-2.97
15938.0	-2.97
15940.0	-2.97
15942.0	-2.97
15944.0	-2.97
15946.0	-2.97
15948.0	-2.97
15950.0	-2.98
15952.0	-2.98
15954.0	-2.98
15956.0	-2.98
15958.0	-2.98
15960.0	-2.98
15962.0	-2.98
15964.0	-2.98
15966.0	-2.98
15968.0	-2.98
15970.0	-2.98
15972.0	-2.99
15974.0	-2.99
15976.0	-2.99
15978.0	-2.99
15980.0	-2.99
15982.0	-2.99
15984.0	-2.99
15986.0	-2.99
15988.0	-2.99
15990.0	-3.00
15992.0	-3.00
15994.0	-3.00
15996.0	-3.00
15998.0	-3.00
16000.0	-3.00
16002.0	-3.00
16004.0	-3.00
16006.0	-3.01
16008.0	-3.01
16010.0	-3.01
16012.0	-3.01
16014.0	-3.01
16016.0	-3.02
16018.0	-3.02
16020.0	-3.02
16022.0	-3.02
16024.0	-3.02
16026.0	-3.03
16028.0	-3.03
16030.0	-3.03
16032.0	-3.03
16034.0	-3.03
16036.0	-3.04
16038.0	-3.04
16040.0	-3.04
16042.0	-3.04
16044.0	-3.04
16046.0	-3.05
16048.0	-3.05
16050.0	-3.05
16052.0	-3.05
16054.0	-3.05
16056.0	-3.06
16058.0	-3.06
16060.0	-3.06
16062.0	-3.06
16064.0	-3.06
16066.0	-3.07
16068.0	-3.07
16070.0	-3.07
16072.0	-3.07
16074.0	-3.07
16076.0	-3.08
16078.0	-3.08
16080.0	-3.08
16082.0	-3.08
16084.0	-3.08
16086.0	-3.09
16088.0	-3.09
16090.0	-3.09
16092.0	-3.09
16094.0	-3.09
16096.0	-3.10
16098.0	-3.10
16100.0	-3.10
16102.0	-3.10
16104.0	-3.10
16106.0	-3.11
16108.0	-3.11
16110.0	-3.11
16112.0	-3.11
16114.0	-3.11
16116.0	-3.12
16118.0	-3.12
16120.0	-3.12
16122.0	-3.12
16124.0	-3.12
16126.0	-3.13
16128.0	-3.13
16130.0	-3.13
16132.0	-3.13
16134.0	-3.13
16136.0	-3.14
16138.0	-3.14
16140.0	-3.14
16142.0	-3.14
16144.0	-3.14
16146.0	-3.15
16148.0	-3.15
16150.0	-3.15
16152.0	-3.15
16154.0	-3.15
16156.0	-3.16
16158.0	-3.16
16160.0	-3.16
16162.0	-3.16
16164.0	-3.16
16166.0	-3.17
16168.0	-3.17
16170.0	-3.17
16172.0	-3.17
16174.0	-3.17
16176.0	-3.18
16178.0	-3.18
16180.0	-3.18
16182.0	-3.18
16184.0	-3.18
16186.0	-3.19
16188.0	-3.19
16190.0	-3.19
16192.0	-3.19
16194.0	-3.19
16196.0	-3.20
16198.0	-3.20
16200.0	-3.20
16202.0	-3.20
16204.0	-3.20
16206.0	-3.21
16208.0	-3.21
16210.0	-3.21
16212.0	-3.21
16214.0	-3.21
16216.0	-3.22
16218.0	-3.22
16220.0	-3.22
16222.0	-3.22
16224.0	-3.22
16226.0	-3.23
16228.0	-3.23
16230.0	-3.23
16232.0	-3.23
16234.0	-3.23
16236.0	-3.24
16238.0	-3.24
16240.0	-3.24
16242.0	-3.24
16244.0	-3.24
16246.0	-3.25
16248.0	-3.25
16250.0	-3.25
16252.0	-3.25
16254.0	-3.25
16256.0	-3.26
16258.0	-3.26
16260.0	-3.26
16262.0	-3.26
16264.0	-3.26
16266.0	-3.27
16268.0	-3.27
16270.0	-3.27
16272.0	-3.27
16274.0	-3.27
16276.0	-3.28
16278.0	-3.28
16280.0	-3.28
16282.0	-3.28
16284.0	-3.28
16286.0	-3.29
16288.0	-3.29
16290.0	-3.29
16292.0	-3.29
16294.0	-3.29
16296.0	-3.30
16298.0	-3.30
16300.0	-3.30
16302.0	-3.30
16304.0	-3.30
16306.0	-3.31
16308.0	-3.31
16310.0	-3.31
16312.0	-3.31
16314.0	-3.31
16316.0	-3.32
16318.0	-3.32
16320.0	-3.32
16322.0	-3.32
16324.0	-3.32
16326.0	-3.33
16328.0	-3.33
16330.0	-3.33
16332.0	-3.33
16334.0	-3.33
16336.0	-3.34
16338.0	-3.34
16340.0	-3.34
16342.0	-3.34
16344.0	-3.34
16346.0	-3.35
16348.0	-3.35
16350.0	-3.35
16352.0	-3.35
16354.0	-3.35
16356.0	-3.36
16358.0	-3.36
16360.0	-3.36
16362.0	-3.36
16364.0	-3.36
16366.0	-3.37
16368.0	-3.37
16370.0	-3.37
16372.0	-3.37
16374.0	-3.37
16376.0	-3.38
16378.0	-3.38
16380.0	-3.38
16382.0	-3.38
16384.0	-3.38
16386.0	-3.39
16388.0	-3.39
16390.0	-3.39
16392.0	-3.39
16394.0	-3.39
16396.0	-3.40
16398.0	-3.40
16400.0	-3.40
16402.0	-3.40
16404.0	-3.40
16406.0	-3.41
16408.0	-3.41
16410.0	-3.41
16412.0	-3.41
16414.0	-3.41
16416.0	-3.42
16418.0	-3.42
16420.0	-3.42
16422.0	-3.42
16424.0	-3.42
16426.0	-3.43
16428.0	-3.43
16430.0	-3.43
16432.0	-3.43
16434.0	-3.43
16436.0	-3.44
16438.0	-3.44
16440.0	-3.44
16442.0	-3.44
16444.0	-3.44
16446.0	-3.45
16448.0	-3.45
16450.0	-3.45
16452.0	-3.45
16454.0	-3.45
16456.0	-3.46
16458.0	-3.46
16460.0	-3.46
16462.0	-3.46
16464.0	-3.46
16466.0	-3.47
16468.0	-3.47
16470.0	-3.47
16472.0	-3.47
16474.0	-3.47
16476.0	-3.48
16478.0	-3.48
16480.0	-3.48
16482.0	-3.48
16484.0	-3.48
16486.0	-3.49
16488.0	-3.49
16490.0	-3.49
16492.0	-3.49
16494.0	-3.49
16496.0	-3.50
16498.0	-3.50
16500.0	-3.50
16502.0	-3.50
16504.0	-3.50
16506.0	-3.51
16508.0	-3.51
16510.0	-3.51
16512.0	-3.51
16514.0	-3.51
16516.0	-3.52
16518.0	-3.52
16520.0	-3.52
16522.0	-3.52
16524.0	-3.52
16526.0	-3.53
16528.0	-3.53
16530.0	-3.53
16532.0	-3.53
16534.0	-3.53
16536.0	-3.54
16538.0	-3.54
16540.0	-3.54
16542.0	-3.54
16544.0	-3.54
16546.0	-3.55
16548.0	-3.55
16550.0	-3.55
16552.0	-3.55
16554.0	-3.55
16556.0	-3.56
16558.0	-3.56
16560.0	-3.56
16562.0	-3.56
16564.0	-3.56
16566.0	-3.57
16568.0	-3.57
16570.0	-3.57
16572.0	-3.57
16574.0	-3.57
16576.0	-3.58
16578.0	-3.58
16580.0	-3.58
16582.0	-3.58
16584.0	-3.58
16586.0	-3.59
16588.0	-3.59
16590.0	-3.59
16592.0	-3.59
16594.0	-3.59
16596.0	-3.60
16598.0	-3.60
16600.0	-3.60
16602.0	-3.60
16604.0	-3.60
16606.0	-3.61
16608.0	-3.61
16610.0	-3.61
16612.0	-3.61
16614.0	-3.61
16616.0	-3.62
16618.0	-3.62
16620.0	-3.62
16622.0	-3.62
16624.0	-3.62
16626.0	-3.63
16628.0	-3.63
16630.0	-3.63
16632.0	-3.63
16634.0	-3.63
16636.0	-3.64
16638.0	-3.64
16640.0	-3.64
16642.0	-3.64
16644.0	-3.64
16646.0	-3.65
16648.0	-3.65
16650.0	-3.65
16652.0	-3.65
16654.0	-3.65
16656.0	-3.66
16658.0	-3.66
16660.0	-3.66
16662.0	-3.66
16664.0	-3.66
16666.0	-3.67
16668.0	-3.67
16670.0	-3.67
16672.0	-3.67
16674.0	-3.67
16676.0	-3.68
16678.0	-3.68
16680.0	-3.68
16682.0	-3.68
16684.0	-3.68
16686.0	-3.69
16688.0	-3.69
16690.0	-3.69
16692.0	-3.69
16694.0	-3.69
16696.0	-3.70
16698.0	-3.70
16700.0	-3.70
16702.0	-3.70
16704.0	-3.70
16706.0	-3.71
16708.0	-3.71
16710.0	-3.71
16712.0	-3.71
16714.0	-3.71
16716.0	-3.72
16718.0	-3.72
16720.0	-3.72
16722.0	-3.72
16724.0	-3.72
16726.0	-3.73
16728.0	-3.73
16730.0	-3.73
16732.0	-3.73
16734.0	-3.73
16736.0	-3.74
16738.0	-3.74
16740.0	-3.74
16742.0	-3.74
16744.0	-3.74
16746.0	-3.75
16748.0	-3.75
16750.0	-3.75
16752.0	-3.75
16754.0	-3.75
16756.0	-3.76
16758.0	-3.76
16760.0	-3.76
16762.0	-3.76
16764.0	-3.76
16766.0	-3.77
16768.0	-3.77
16770.0	-3.77
16772.0	-3.77
16774.0	-3.77
16776.0	-3.78
16778.0	-3.78
16780.0	-3.78
16782.0	-3.78
16784.0	-3.78
16786.0	-3.79
16788.0	-3.79
16790.0	-3.79
16792.0	-3.79
16794.0	-3.79
16796.0	-3.80
16798.0	-3.80
16800.0	-3.80
16802.0	-3.80
16804.0	-3.80
16806.0	-3.81
16808.0	-3.81
16810.0	-3.81
16812.0	-3.81
16814.0	-3.81
16816.0	-3.82
16818.0	-3.82
16820.0	-3.82
16822.0	-3.82
16824.0	-3.82
16826.0	-3.83
16828.0	-3.83
16830.0	-3.83
16832.0	-3.83
16834.0	-3.83
16836.0	-3.84
16838.0	-3.84
16840.0	-3.84
16842.0	-3.84
16844.0	-3.84
16846.0	-3.85
16848.0	-3.85
16850.0	-3.85
16852.0	-3.85
16854.0	-3.85
16856.0	-3.86
16858.0	-3.86
16860.0	-3.86
16862.0	-3.86
16864.0	-3.86
16866.0	-3.87
16868.0	-3.87
16870.0	-3.87
16872.0	-3.87
16874.0	-3.87
16876.0	-3.88
16878.0	-3.88
16880.0	-3.88
16882.0	-3.88
16884.0	-3.88
16886.0	-3.89
16888.0	-3.89
16890.0	-3.89
16892.0	-3.89
16894.0	-3.89
16896.0	-3.90
16898.0	-3.90
16900.0	-3.90
16902.0	-3.90
16904.0	-3.90
16906.0	-3.91
16908.0	-3.91
16910.0	-3.91
16912.0	-3.91
16914.0	-3.91
16916.0	-3.92
16918.0	-3.92
16920.0	-3.92
16922.0	-3.92
16924.0	-3.92
16926.0	-3.93
16928.0	-3.93
16930.0	-3.93
16932.0	-3.93
16934.0	-3.93
16936.0	-3.94
16938.0	-3.94
16940.0	-3.94
16942.0	-3.94
16944.0	-3.94
16946.0	-3.95
16948.0	-3.95
16950.0	-3.95
16952.0	-3.95
16954.0	-3.95
16956.0	-3.96
16958.0	-3.96
16960.0	-3.96
16962.0	-3.96
16964.0	-3.96
16966.0	-3.97
16968.0	-3.97
16970.0	-3.97
16972.0	-3.97
16974.0	-3.97
16976.0	-3.98
16978.0	-3.98
16980.0	-3.98
16982.0	-3.98
16984.0	-3.98
16986.0	-3.99
16988.0	-3.99
16990.0	-3.99
16992.0	-3.99
16994.0	-3.99
16996.0	-4.00
16998.0	-4.00
17000.0	-4.00
17002.0	-4.00
17004.0	-4.00
17006.0	-4.01
17008.0	-4.01
17010.0	-4.01
17012.0	-4.01
17014.0	-4.01
17016.0	-4.02
17018.0	-4.02
17020.0	-4.02
17022.0	-4.02
17024.0	-4.02
17026.0	-4.03
17028.0	-4.03
17030.0	-4.03
17032.0	-4.03
17034.0	-4.03
17036.0	-4.04
17038.0	-4.04
17040.0	-4.04
17042.0	-4.04
17044.0	-4.04
17046.0	-4.05
17048.0	-4.05
17050.0	-4.05
17052.0	-4.05
17054.0	-4.05
17056.0	-4.06
17058.0	-4.06
17060.0	-4.06
17062.0	-4.06
17064.0	-4.06
17066.0	-4.07
17068.0	-4.07
17070.0	-4.07
17072.0	-4.07
17074.0	-4.07
17076.0	-4.08
17078.0	-4.08
17080.0	-4.08
17082.0	-4.08
17084.0	-4.08
17086.0	-4.09
17088.0	-4.09
17090.0	-4.09
17092.0	-4.09
17094.0	-4.09
17096.0	-4.10
17098.0	-4.10
17100.0	-4.10
17102.0	-4.10
17104.0	-4.10
17106.0	-4.11
17108.0	-4.11
17110.0	-4.11
17112.0	-4.11
17114.0	-4.11
17116.0	-4.12
17118.0	-4.12
17120.0	-4.12
17122.0	-4.12
17124.0	-4.12
17126.0	-4.13
17128.0	-4.13
17130.0	-4.13
17132.0	-4.13
17134.0	-4.13
17136.0	-4.14
17138.0	-4.14
17140.0	-4.14
17142.0	-4.14
17144.0	-4.14
17146.0	-4.15
17148.0	-4.15
17150.0	-4.15
17152.0	-4.15
17154.0	-4.15
17156.0	-4.16
17158.0	-4.16
17160.0	-4.16
17162.0	-4.16
17164.0	-4.16
17166.0	-4.17
17168.0	-4.17
17170.0	-4.17
17172.0	-4.17
17174.0	-4.17
17176.0	-4.18
17178.0	-4.18
17180.0	-4.18
17182.0	-4.18
17184.0	-4.18
17186.0	-4.19
17188.0	-4.19
17190.0	-4.19
17192.0	-4.19
17194.0	-4.19
17196.0	-4.20
17198.0	-4.20
17200.0	-4.20
17202.0	-4.20
17204.0	-4.20
17206.0	-4.21
17208.0	-4.21
17210.0	-4.21
17212.0	-4.21
17214.0	-4.21
17216.0	-4.22
17218.0	-4.22
17220.0	-4.22
17222.0	-4.22
17224.0	-4.22
17226.0	-4.23
17228.0	-4.23
17230.0	-4.23
17232.0	-4.23
17234.0	-4.23
17236.0	-4.24
17238.0	-4.24
17240.0	-4.24
17242.0	-4.24
17244.0	-4.24
17246.0	-4.25
17248.0	-4.25
17250.0	-4.25
17252.0	-4.25
17254.0	-4.25
17256.0	-4.26
17258.0	-4.26
17260.0	-4.26
17262.0	-4.26
17264.0	-4.26
17266.0	-4.27
17268.0	-4.27
17270.0	-4.27
17272.0	-4.27
17274.0	-4.27
17276.0	-4.28
17278.0	-4.28
17280.0	-4.28
17282.0	-4.28
17284.0	-4.28
17286.0	-4.29
17288.0	-4.29
17290.0	-4.29
17292.0	-4.29
17294.0	-4.29
17296.0	-4.30
17298.0	-4.30
17300.0	-4.30
17302.0	-4.30
17304.0	-4.30
17306.0	-4.31
17308.0	-4.31
17310.0	-4.31
17312.0	-4.31
17314.0	-4.31
17316.0	-4.32
17318.0	-4.32
17320.0	-4.32
17322.0	-4.32
17324.0	-4.32
17326.0	-4.33
17328.0	-4.33
17330.0	-4.33
17332.0	-4.33
17334.0	-4.33
17336.0	-4.34
17338.0	-4.34
17340.0	-4.34
17342.0	-4.34
17344.0	-4.34
17346.0	-4.35
17348.0	-4.35
17350.0	-4.35
17352.0	-4.35
17354.0	-4.35
17356.0	-4.36
17358.0	-4.36
17360.0	-4.36
17362.0	-4.36
17364.0	-4.36
17366.0	-4.37
17368.0	-4.37
17370.0	-4.37
17372.0	-4.37
17374.0	-4.37
17376.0	-4.38
17378.0	-4.38
17380.0	-4.38
17382.0	-4.38
17384.0	-4.38
17386.0	-4.39
17388.0	-4.39
17390.0	-4.39
17392.0	-4.39
17394.0	-4.39
17396.0	-4.40
17398.0	-4.40
17400.0	-4.40
17402.0	-4.40
17404.0	-4.40
17406.0	-4.41
17408.0	-4.41
17410.0	-4.41
17412.0	-4.41
17414.0	-4.41
17416.0	-4.42
17418.0	-4.42
17420.0	-4.42
17422.0	-4.42
17424.0	-4.42
17426.0	-4.43
17428.0	-4.43
17430.0	-4.43
17432.0	-4.43
17434.0	-4.43
17436.0	-4.44
17438.0	-4.44
17440.0	-4.44
17442.0	-4.44
17444.0	-4.44
17446.0	-4.45
17448.0	-4.45
17450.0	-4.45
17452.0	-4.45
17454.0	-4.45
17456.0	-4.46
17458.0	-4.46
17460.0	-4.46
17462.0	-4.46
17464.0	-4.46
17466.0	-4.47
17468.0	-4.47
17470.0	-4.47
17472.0	-4.47
17474.0	-4.47
17476.0	-4.48
17478.0	-4.48
17480.0	-4.48
17482.0	-4.48
17484.0	-4.48
17486.0	-4.49
17488.0	-4.49
17490.0	-4.49
17492.0	-4.49
17494.0	-4.49
17496.0	-4.50
17498.0	-4.50
17500.0	-4.50
17502.0	-4.50
17504.0	-4.50
17506.0	-4.51
17508.0	-4.51
17510.0	-4.51
17512.0	-4.51
17514.0	-4.51
17516.0	-4.52
17518.0	-4.52
17520.0	-4.52
17522.0	-4.52
17524.0	-4.52
17526.0	-4.53
17528.0	-4.53
17530.0	-4.53
17532.0	-4.53
17534.0	-4.53
17536.0	-4.54
17538.0	-4.54
17540.0	-4.54
17542.0	-4.54
17544.0	-4.54
17546.0	-4.55
17548.0	-4.55
17550.0	-4.55
17552.0	-4.55
17554.0	-4.55
17556.0	-4.56
17558.0	-4.56
17560.0	-4.56
17562.0	-4.56
17564.0	-4.56
17566.0	-4.57
17568.0	-4.57
17570.0	-4.57
17572.0	-4.57
17574.0	-4.57
17576.0	-4.58
17578.0	-4.58
17580.0	-4.58
17582.0	-4.58
17584.0	-4.58
17586.0	-4.59
17588.0	-4.59
17590.0	-4.59
17592.0	-4.59
17594.0	-4.59
17596.0	-4.60
17598.0	-4.60
17600.0	-4.60
17602.0	-4.60
17604.0	-4.60
17606.0	-4.61
17608.0	-4.61
17610.0	-4.61
17612.0	-4.61
17614.0	-4.61
17616.0	-4.62
17618.0	-4.62
17620.0	-4.62
17622.0	-4.62
17624.0	-4.62
17626.0	-4.63
17628.0	-4.63
17630.0	-4.63
17632.0	-4.63
17634.0	-4.63
17636.0	-4.64
17638.0	-4.64
17640.0	-4.64
17642.0	-4.64
17644.0	-4.64
17646.0	-4.65
17648.0	-4.65
17650.0	-4.65
17652.0	-4.65
17654.0	-4.65
17656.0	-4.66
17658.0	-4.66
17660.0	-4.66
17662.0	-4.66
17664.0	-4.66
17666.0	-4.67
17668.0	-4.67
17670.0	-4.67
17672.0	-4.67
17674.0	-4.67
17676.0	-4.68
17678.0	-4.68
17680.0	-4.68
17682.0	-4.68
17684.0	-4.68
17686.0	-4.69
17688.0	-4.69
17690.0	-4.69
17692.0	-4.69
17694.0	-4.69
17696.0	-4.70
17698.0	-4.70
17700.0	-4.70
17702.0	-4.70
17704.0	-4.70
17706.0	-4.71
17708.0	-4.71
17710.0	-4.71
17712.0	-4.71
17714.0	-4.71
17716.0	-4.72
17718.0	-4.72
17720.0	-4.72
17722.0	-4.72
17724.0	-4.72
17726.0	-4.73
17728.0	-4.73
17730.0	-4.73
17732.0	-4.73
17734.0	-4.73
17736.0	-4.74
17738.0	-4.74
17740.0	-4.74
17742.0	-4.74
17744.0	-4.74
17746.0	-4.75
17748.0	-4.75
17750.0	-4.75
17752.0	-4.75
17754.0	-4.75
17756.0	-4.76
17758.0	-4.76
17760.0	-4.76
17762.0	-4.76
17764.0	-4.76
17766.0	-4.77
17768.0	-4.77
17770.0	-4.77
17772.0	-4.77
17774.0	-4.77
17776.0	-4.78
17778.0	-4.78
17780.0	-4.78
17782.0	-4.78
17784.0	-4.78
17786.0	-4.79
17788.0	-4.79
17790.0	-4.79
17792.0	-4.79
17794.0	-4.79
17796.0	-4.80
17798.0	-4.80
17800.0	-4.80
17802.0	-4.80
17804.0	-4.80
17806.0	-4.81
17808.0	-4.81
17810.0	-4.81
17812.0	-4.81
17814.0	-4.81
17816.0	-4.82
17818.0	-4.82
17820.0	-4.82
17822.0	-4.82
17824.0	-4.82
17826.0	-4.83
17828.0	-4.83
17830.0	-4.83
17832.0	-4.83
17834.0	-4.83
17836.0	-4.84
17838.0	-4.84
17840.0	-4.84
17842.0	-4.84
17844.0	-4.84
17846.0	-4.85
17848.0	-4.85
17850.0	-4.85
17852.0	-4.85
17854.0	-4.85
17856.0	-4.86
17858.0	-4.86
17860.0	-4.86
17862.0	-4.86
17864.0	-4.86
17866.0	-4.87
17868.0	-4.87
17870.0	-4.87
17872.0	-4.87
17874.0	-4.87
17876.0	-4.88
17878.0	-4.88
17880.0	-4.88
17882.0	-4.88
17884.0	-4.88
17886.0	-4.89
17888.0	-4.89
17890.0	-4.89
17892.0	-4.89
17894.0	-4.89
17896.0	-4.90
17898.0	-4.90
17900.0	-4.90
17902.0	-4.90
17904.0	-4.90
17906.0	-4.91
17908.0	-4.91
17910.0	-4.91
17912.0	-4.91
17914.0	-4.91
17916.0	-4.92
17918.0	-4.92
17920.0	-4.92
17922.0	-4.92
17924.0	-4.92
17926.0	-4.93
17928.0	-4.93
17930.0	-4.93
17932.0	-4.93
17934.0	-4.93
17936.0	-4.94
17938.0	-4.94
17940.0	-4.94
17942.0	-4.94
17944.0	-4.94
17946.0	-4.95
17948.0	-4.95
17950.0	-4.95
17952.0	-4.95
17954.0	-4.95
17956.0	-4.96
17958.0	-4.96
17960.0	-4.96
17962.0	-4.96
17964.0	-4.96
17966.0	-4.97
17968.0	-4.97
17970.0	-4.97
17972.0	-4.97
17974.0	-4.97
17976.0	-4.98
17978.0	-4.98
17980.0	-4.98
17982.0	-4.98
17984.0	-4.98
17986.0	-4.99
17988.0	-4.99
17990.0	-4.99
17992.0	-4.99
17994.0	-4.99
17996.0	-5.00
17998.0	-5.00
18000.0	-5.00
18002.0	-5.00
18004.0	-5.00
18006.0	-5.01
18008.0	-5.01
18010.0	-5.01
18012.0	-5.01
18014.0	-5.01
18016.0	-5.02
18018.0	-5.02
18020.0	-5.02
18022.0	-5.02
18024.0	-5.02
18026.0	-5.03
18028.0	-5.03
18030.0	-5.03
18032.0	-5.03
18034.0	-5.03
18036.0	-5.04
18038.0	-5.04
18040.0	-5.04
18042.0	-5.04
18044.0	-5.04
18046.0	-5.05
18048.0	-5.05
18050.0	-5.05
18052.0	-5.05
18054.0	-5.05
18056.0	-5.06
18058.0	-5.06
18060.0	-5.06
18062.0	-5.06
18064.0	-5.06
18066.0	-5.07
18068.0	-5.07
18070.0	-5.07
18072.0	-5.07
18074.0	-5.07
18076.0	-5.08
18078.0	-5.08
18080.0	-5.08
18082.0	-5.08
18084.0	-5.08
18086.0	-5.09
18088.0	-5.09
18090.0	-5.09
18092.0	-5.09
18094.0	-5.09
18096.0	-5.10
18098.0	-5.10
18100.0	-5.10
18102.0	-5.10
18104.0	-5.10
18106.0	-5.11
18108.0	-5.11
18110.0	-5.11
18112.0	-5.11
18114.0	-5.11
18116.0	-5.12
18118.0	-5.12
18120.0	-5.12
18122.0	-5.12
18124.0	-5.12
18126.0	-5.13
18128.0	-5.13
18130.0	-5.13
18132.0	-5.13
18134.0	-5.13
18136.0	-5.14
18138.0	-5.14
18140.0	-5.14
18142.0	-5.14
18144.0	-5.14
18146.0	-5.15
18148.0	-5.15
18150.0	-5.15
18152.0	-5.15
18154.0	-5.15
18156.0	-5.16
18158.0	-5.16
18160.0	-5.16
18162.0	-5.16
18164.0	-5.16
18166.0	-5.17
18168.0	-5.17
18170.0	-5.17
18172.0	-5.17
18174.0	-5.17
18176.0	-5.18
18178.0	-5.18
18180.0	-5.18
18182.0	-5.18
18184.0	-5.18
18186.0	-5.19
18188.0	-5.19
18190.0	-5.19
18192.0	-5.19
18194.0	-5.19
18196.0	-5.20
18198.0	-5.20
18200.0	-5.20
18202.0	-5.20
18204.0	-5.20
18206.0	-5.21
18208.0	-5.21
18210.0	-5.21
18212.0	-5.21
18214.0	-5.21
18216.0	-5.22
18218.0	-5.22
18220.0	-5.22
18222.0	-5.22
18224.0	-5.22
18226.0	-5.23
18228.0	-5.23
18230.0	-5.23
18232.0	-5.23
18234.0	-5.23
18236.0	-5.24
18238.0	-5.24
18240.0	-5.24
18242.0	-5.24
18244.0	-5.24
18246.0	-5.25
18248.0	-5.25
18250.0	-5.25
18252.0	-5.25
18254.0	-5.25
18256.0	-5.26
18258.0	-5.26
18260.0	-5.26
18262.0	-5.26
18264.0	-5.26
18266.0	-5.27
18268.0	-5.27
18270.0	-5.27
18272.0	-5.27
18274.0	-5.27
18276.0	-5.28
18278.0	-5.28
18280.0	-5.28
18282.0	-5.28
18284.0	-5.28
18286.0	-5.29
18288.0	-5.29
18290.0	-5.29
18292.0	-5.29
18294.0	-5.29
18296.0	-5.30
18298.0	-5.30
18300.0	-5.30
18302.0	-5.30
18304.0	-5.30
18306.0	-5.31
18308.0	-5.31
18310.0	-5.31
18312.0	-5.31
18314.0	-5.31
18316.0	-5.32
18318.0	-5.32
18320.0	-5.32
18322.0	-5.32
18324.0	-5.32
18326.0	-5.33
18328.0	-5.33
18330.0	-5.33
18332.0	-5.33
18334.0	-5.33
18336.0	-5.34
18338.0	-5.34
18340.0	-5.34
18342.0	-5.34
18344.0	-5.34
18346.0	-5.35
18348.0	-5.35
18350.0	-5.35
18352.0	-5.35
18354.0	-5.35
18356.0	-5.36
18358.0	-5.36
18360.0	-5.36
18362.0	-5.36
18364.0	-5.36
18366.0	-5.37
18368.0	-5.37
18370.0	-5.37
18372.0	-5.37
18374.0	-5.37
18376.0	-5.38
18378.0	-5.38
18380.0	-5.38
18382.0	-5.38
18384.0	-5.38
18386.0	-5.39
18388.0	-5.39
18390.0	-5.39
18392.0	-5.39
18394.0	-5.39
18396.0	-5.40
18398.0	-5.40
18400.0	-5.40
18402.0	-5.40
18404.0	-5.40
18406.0	-5.41
18408.0	-5.41
18410.0	-5.41
18412.0	-5.41
18414.0	-5.41
18416.0	-5.42
18418.0	-5.42
18420.0	-5.42
18422.0	-5.42
18424.0	-5.42
18426.0	-5.43
18428.0	-5.43
18430.0	-5.43
18432.0	-5.43
18434.0	-5.43
18436.0	-5.44
18438.0	-5.44
18440.0	-5.44
18442.0	-5.44
18444.0	-5.44
18446.0	-5.45
18448.0	-5.45
18450.0	-5.45
18452.0	-5.45
18454.0	-5.45
18456.0	-5.46
18458.0	-5.46
18460.0	-5.46
18462.0	-5.46
18464.0	-5.46
18466.0	-5.47
18468.0	-5.47
18470.0	-5.47
18472.0	-5.47
18474.0	-5.47
18476.0	-5.48
18478.0	-5.48
18480.0	-5.48
18482.0	-5.48
18484.0	-5.48
18486.0	-5.49
18488.0	-5.49
18490.0	-5.49
18492.0	-5.49
18494.0	-5.49
18496.0	-5.50
18498.0	-5.50
18500.0	-5.50
18502.0	-5.50
18504.0	-5.50
18506.0	-5.51
18508.0	-5.51
18510.0	-5.51
18512.0	-5.51
18514.0	-5.51
18516.0	-5.52
18518.0	-5.52
18520.0	-5.52
18522.0	-5.52
18524.0	-5.52
18526.0	-5.53
18528.0	-5.53
18530.0	-5.53
18532.0	-5.53
18534.0	-5.53
18536.0	-5.54
18538.0	-5.54
18540.0	-5.54
18542.0	-5.54
18544.0	-5.54
18546.0	-5.55
18548.0	-5.55
18550.0	-5.55
18552.0	-5.55
18554.0	-5.55
18556.0	-5.56
18558.0	-5.56
18560.0	-5.56
18562.0	-5.56
18564.0	-5.56
18566.0	-5.57
18568.0	-5.57
18570.0	-5.57
18572.0	-5.57
18574.0	-5.57
18576.0	-5.58
18578.0	-5.58
18580.0	-5.58
18582.0	-5.58
18584.0	-5.58
18586.0	-5.59
18588.0	-5.59
18590.0	-5.59
18592.0	-5.59
18594.0	-5.59
18596.0	-5.60
18598.0	-5.60
18600.0	-5.60
18602.0	-5.60
18604.0	-5.60
18606.0	-5.61
18608.0	-5.61
18610.0	-5.61
18612.0	-5.61
18614.0	-5.61
18616.0	-5.62
18618.0	-5.62
18620.0	-5.62
18622.0	-5.62
18624.0	-5.62
18626.0	-5.63
18628.0	-5.63
18630.0	-5.63
18632.0	-5.63
18634.0	-5.63
18636.0	-5.64
18638.0	-5.64
18640.0	-5.64
18642.0	-5.64
18644.0	-5.64
18646.0	-5.65
18648.0	-5.65
18650.0	-5.65
18652.0	-5.65
18654.0	-5.65
18656.0	-5.66
18658.0	-5.66
18660.0	-5.66
18662.0	-5.66
18664.0	-5.66
18666.0	-5.67
18668.0	-5.67
18670.0	-5.67
18672.0	-5.67
18674.0	-5.67
18676.0	-5.68
18678.0	-5.68
18680.0	-5.68
18682.0	-5.68
18684.0	-5.68
18686.0	-5.69
18688.0	-5.69
18690.0	-5.69
18692.0	-5.69
18694.0	-5.69
18696.0	-5.70
18698.0	-5.70
18700.0	-5.70
18702.0	-5.70
18704.0	-5.70
18706.0	-5.71
18708.0	-5.71
18710.0	-5.71
18712.0	-5.71
18714.0	-5.71
18716.0	-5.72
18718.0	-5.72
18720.0	-5.72
18722.0	-5.72
18724.0	-5.72
18726.0	-5.73
18728.0	-5.73
18730.0	-5.73
18732.0	-5.73
18734.0	-5.73
18736.0	-5.74
18738.0	-5.74
18740.0	-5.74
18742.0	-5.74
18744.0	-5.74
18746.0	-5.75
18748.0	-5.75
18750.0	-5.75
18752.0	-5.75
18754.0	-5.75
18756.0	-5.76
18758.0	-5.76
18760.0	-5.76
18762.0	-5.76
18764.0	-5.76
18766.0	-5.77
18768.0	-5.77
18770.0	-5.77
18772.0	-5.77
18774.0	-5.77
18776.0	-5.78
18778.0	-5.78
18780.0	-5.78
18782.0	-5.78
18784.0	-5.78
18786.0	-5.79
18788.0	-5.79
18790.0	-5.79
18792.0	-5.79
18794.0	-5.79
18796.0	-5.80
18798.0	-5.80
18800.0	-5.80
18802.0	-5.80
18804.0	-5.80
18806.0	-5.81
18808.0	-5.81
18810.0	-5.81
18812.0	-5.81
18814.0	-5.81
18816.0	-5.82
18818.0	-5.82
18820.0	-5.82
18822.0	-5.82
18824.0	-5.82
18826.0	-5.83
18828.0	-5.83
18830.0	-5.83
18832.0	-5.83
18834.0	-5.83
18836.0	-5.84
18838.0	-5.84
18840.0	-5.84
18842.0	-5.84
18844.0	-5.84
18846.0	-5.85
18848.0	-5.85
18850.0	-5.85
18852.0	-5.85
18854.0	-5.85
18856.0	-5.86
18858.0	-5.86
18860.0	-5.86
18862.0	-5.86
18864.0	-5.86
18866.0	-5.87
18868.0	-5.87
18870.0	-5.87
18872.0	-5.87
18874.0	-5.87
18876.0	-5.88
18878.0	-5.88
18880.0	-5.88
18882.0	-5.88
18884.0	-5.88
18886.0	-5.89
18888.0	-5.89
18890.0	-5.89
18892.0	-5.89
18894.0	-5.89
18896.0	-5.90
18898.0	-5.90
18900.0	-5.90
18902.0	-5.90
18904.0	-5.90
18906.0	-5.91
18908.0	-5.91
18910.0	-5.91
18912.0	-5.91
18914.0	-5.91
18916.0	-5.92
18918.0	-5.92
18920.0	-5.92
18922.0	-5.92
18924.0	-5.92
18926.0	-5.93
18928.0	-5.93
18930.0	-5.93
18932.0	-5.93
18934.0	-5.93
18936.0	-5.94
18938.0	-5.94
18940.0	-5.94
18942.0	-5.94
18944.0	-5.94
18946.0	-5.95
18948.0	-5.95
18950.0	-5.95
18952.0	-5.95
18954.0	-5.95
18956.0	-5.96
18958.0	-5.96
18960.0	-5.96
18962.0	-5.96
18964.0	-5.96
18966.0	-5.97
18968.0	-5.97
18970.0	-5.97
18972.0	-5.97
18974.0	-5.97
18976.0	-5.98
18978.0	-5.98
18980.0	-5.98
18982.0	-5.98
18984.0	-5.98
18986.0	-5.99
18988.0	-5.99
18990.0	-5.99
18992.0	-5.99
18994.0	-5.99
18996.0	-6.00
18998.0	-6.00
19000.0	-6.00
19002.0	-6.00
19004.0	-6.00
19006.0	-6.01
19008.0	-6.01
19010.0	-6.01
19012.0	-6.01
19014.0	-6.01
19016.0	-6.02
19018.0	-6.02
19020.0	-6.02
19022.0	-6.02
19024.0	-6.02
19026.0	-6.03
19028.0	-6.03
19030.0	-6.03
19032.0	-6.03
19034.0	-6.03
19036.0	-6.04
19038.0	-6.04
19040.0	-6.04
19042.0	-6.04
19044.0	-6.04
19046.0	-6.05
19048.0	-6.05
19050.0	-6.05
19052.0	-6.05
19054.0	-6.05
19056.0	-6.06
19058.0	-6.06
19060.0	-6.06
19062.0	-6.06
19064.0	-6.06
19066.0	-6.07
19068.0	-6.07
19070.0	-6.07
19072.0	-6.07
19074.0	-6.07
19076.0	-6.08
19078.0	-6.08
19080.0	-6.08
19082.0	-6.08
19084.0	-6.08
19086.0	-6.09
19088.0	-6.09
19090.0	-6.09
19092.0	-6.09
19094.0	-6.09
19096.0	-6.10
19098.0	-6.10
19100.0	-6.10
19102.0	-6.10
19104.0	-6.10
19106.0	-6.11
19108.0	-6.11
19110.0	-6.11
19112.0	-6.11
19114.0	-6.11
19116.0	-6.12
19118.0	-6.12
19120.0	-6.12
19122.0	-6.12
19124.0	-6.12
19126.0	-6.13
19128.0	-6.13
19130.0	-6.13
19132.0	-6.13
19134.0	-6.13
19136.0	-6.14
19138.0	-6.14
19140.0	-6.14
19142.0	-6.14
19144.0	-6.14
19146.0	-6.15
19148.0	-6.15
19150.0	-6.15
19152.0	-6.15
19154.0	-6.15
19156.0	-6.16
19158.0	-6.16
19160.0	-6.16
19162.0	-6.16
19164.0	-6.16
19166.0	-6.17
19168.0	-6.17
19170.0	-6.17
19172.0	-6.17
19174.0	-6.17
19176.0	-6.18
19178.0	-6.18
19180.0	-6.18
19182.0	-6.18
19184.0	-6.18
19186.0	-6.19
19188.0	-6.19
19190.0	-6.19
19192.0	-6.19
19194.0	-6.19
19196.0	-6.20
19198.0	-6.20
19200.0	-6.20
19202.0	-6.20
19204.0	-6.20
19206.0	-6.21
19208.0	-6.21
19210.0	-6.21
19212.0	-6.21
19214.0	-6.21
19216.0	-6.22
19218.0	-6.22
19220.0	-6.22
19222.0	-6.22
19224.0	-6.22
19226.0	-6.23
19228.0	-6.23
19230.0	-6.23
19232.0	-6.23
19234.0	-6.23
19236.0	-6.24
19238.0	-6.24
19240.0	-6.24
19242.0	-6.24
19244.0	-6.24
19246.0	-6.25
19248.0	-6.25
19250.0	-6.25
19252.0	-6.25
19254.0	-6.25
19256.0	-6.26
19258.0	-6.26
19260.0	-6.26
19262.0	-6.26
19264.0	-6.26
19266.0	-6.27
19268.0	-6.27
19270.0	-6.27
19272.0	-6.27
19274.0	-6.27
19276.0	-6.28
19278.0	-6.28
19280.0	-6.28
19282.0	-6.28
19284.0	-6.28
19286.0	-6.29
19288.0	-6.29
19290.0	-6.29
19292.0	-6.29
19294.0	-6.29
19296.0	-6.30
19298.0	-6.30
19300.0	-6.30
19302.0	-6.30
19304.0	-6.30
19306.0	-6.31
19308.0	-6.31
19310.0	-6.31
19312.0	-6.31
19314.0	-6.31
19316.0	-6.32
19318.0	-6.32
19320.0	-6.32
19322.0	-6.32
19324.0	-6.32
19326.0	-6.33
19328.0	-6.33
19330.0	-6.33
19332.0	-6.33
19334.0	-6.33
19336.0	-6.34
19338.0	-6.34
19340.0	-6.34
19342.0	-6.34
19344.0	-6.34
19346.0	-6.35
19348.0	-6.35
19350.0	-6.35
19352.0	-6.35
19354.0	-6.35
19356.0	-6.36
19358.0	-6.36
19360.0	-6.36
19362.0	-6.36
19364.0	-6.36
19366.0	-6.37
19368.0	-6.37
19370.0	-6.37
19372.0	-6.37
19374.0	-6.37
19376.0	-6.38
19378.0	-6.38
19380.0	-6.38
19382.0	-6.38
19384.0	-6.38
19386.0	-6.39
19388.0	-6.39
19390.0	-6.39
19392.0	-6.39
19394.0	-6.39
19396.0	-6.40
19398.0	-6.40
19400.0	-6.40
19402.0	-6.40
19404.0	-6.40
19406.0	-6.41
19408.0	-6.41
19410.0	-6.41
19412.0	-6.41
19414.0	-6.41
19416.0	-6.42
19418.0	-6.42
19420.0	-6.42
19422.0	-6.42
19424.0	-6.42
19426.0	-6.43
19428.0	-6.43
19430.0	-6.43
19432.0	-6.43
19434.0	-6.43
19436.0	-6.44
19438.0	-6.44
19440.0	-6.44
19442.0	-6.44
19444.0	-6.44
19446.0	-6.45
19448.0	-6.45
19450.0	-6.45
19452.0	-6.45
19454.0	-6.45
19456.0	-6.46
19458.0	-6.46
19460.0	-6.46
19462.0	-6.46
19464.0	-6.46
19466.0	-6.47
19468.0	-6.47
19470.0	-6.47
19472.0	-6.47
19474.0	-6.47
19476.0	-6.48
19478.0	-6.48
19480.0	-6.48
19482.0	-6.48
19484.0	-6.48
19486.0	-6.49
19488.0	-6.49
19490.0	-6.49
19492.0	-6.49
19494.0	-6.49
19496.0	-6.50
19498.0	-6.50
19500.0	-6.50
19502.0	-6.50
19504.0	-6.50
19506.0	-6.51
19508.0	-6.51
19510.0	-6.51
19512.0	-6.51
19514.0	-6.51
19516.0	-6.52
19518.0	-6.52
19520.0	-6.52
19522.0	-6.52
19524.0	-6.52
19526.0	-6.53
19528.0	-6.53
19530.0	-6.53
19532.0	-6.53
19534.0	-6.53
19536.0	-6.54
19538.0	-6.54
19540.0	-6.54
19542.0	-6.54
19544.0	-6.54
19546.0	-6.55
19548.0	-6.55
19550.0	-6.55
19552.0	-6.55
19554.0	-6.55
19556.0	-6.56
19558.0	-6.56
19560.0	-6.56
19562.0	-6.56
19564.0	-6.56
19566.0	-6.57
19568.0	-6.57
19570.0	-6.57
19572.0	-6.57
19574.0	-6.57
19576.0	-6.58
19578.0	-6.58
19580.0	-6.58
19582.0	-6.58
19584.0	-6.58
19586.0	-6.59
19588.0	-6.59
19590.0	-6.59
19592.0	-6.59
19594.0	-6.59
19596.0	-6.60
19598.0	-6.60
19600.0	-6.60
19602.0	-6.60
19604.0	-6.60
19606.0	-6.61
19608.0	-6.61
19610.0	-6.61
19612.0	-6.61
19614.0	-6.61
19616.0	-6.62
19618.0	-6.62
19620.0	-6.62
19622.0	-6.62
19624.0	-6.62
19626.0	-6.63
19628.0	-6.63
19630.0	-6.63
19632.0	-6.63
19634.0	-6.63
19636.0	-6.64
19638.0	-6.64
19640.0	-6.64
19642.0	-6.64
19644.0	-6.64
19646.0	-6.65
19648.0	-6.65
19650.0	-6.65
19652.0	-6.65
19654.0	-6.65
19656.0	-6.66
19658.0	-6.66
19660.0	-6.66
19662.0	-6.66
19664.0	-6.66
19666.0	-6.67
19668.0	-6.67
19670.0	-6.67
19672.0	-6.67
19674.0	-6.67
19676.0	-6.68
19678.0	-6.68
19680.0	-6.68
19682.0	-6.68
19684.0	-6.68
19686.0	-6.69
19688.0	-6.69
19690.0	-6.69
19692.0	-6.69
19694.0	-6.69
19696.0	-6.70
19698.0	-6.70
19700.0	-6.70
19702.0	-6.70
19704.0	-6.70
19706.0	-6.71
19708.0	-6.71
19710.0	-6.71
19712.0	-6.71
19714.0	-6.71
19716.0	-6.72
19718.0	-6.72
19720.0	-6.72
19722.0	-6.72
19724.0	-6.72
19726.0	-6.73
19728.0	-6.73
19730.0	-6.73
19732.0	-6.73
19734.0	-6.73
19736.0	-6.74
19738.0	-6.74
19740.0	-6.74
19742.0	-6.74
19744.0	-6.74
19746.0	-6.75
19748.0	-6.75
19750.0	-6.75
19752.0	-6.75
19754.0	-6.75
19756.0	-6.76
19758.0	-6.76
19760.0	-6.76
19762.0	-6.76
19764.0	-6.76
19766.0	-6.77
19768.0	-6.77
19770.0	-6.77
19772.0	-6.77
19774.0	-6.77
19776.0	-6.78
19778.0	-6.78
19780.0	-6.78
19782.0	-6.78
19784.0	-6.78
19786.0	-6.79
19788.0	-6.79
19790.0	-6.79
19792.0	-6.79
19794.0	-6.79
19796.0	-6.80
19798.0	-6.80
19800.0	-6.80
19802.0	-6.80
19804.0	-6.80
19806.0	-6.81
19808.0	-6.81
19810.0	-6.81
19812.0	-6.81
19814.0	-6.81
19816.0	-6.82
19818.0	-6.82
19820.0	-6.82
19822.0	-6.82
19824.0	-6.82
19826.0	-6.83
19828.0	-6.83
19830.0	-6.83
19832.0	-6.83
19834.0	-6.83
19836.0	-6.84
19838.0	-6.84
19840.0	-6.84
19842.0	-6.84
19844.0	-6.84
19846.0	-6.85
19848.0	-6.85
19850.0	-6.85
19852.0	-6.85
19854.0	-6.85
19856.0	-6.86
19858.0	-6.86
19860.0	-6.86
19862.0	-6.86
19864.0	-6.86
19866.0	-6.87
19868.0	-6.87
19870.0	-6.87
19872.0	-6.87
19874.0	-6.87
19876.0	-6.88
19878.0	-6.88
19880.0	-6.88
19882.0	-6.88
19884.0	-6.88
19886.0	-6.89
19888.0	-6.89
19890.0	-6.89
19892.0	-6.89
19894.0	-6.89
19896.0	-6.90
19898.0	-6.90
19900.0	-6.90
19902.0	-6.90
19904.0	-6.90
19906.0	-6.91
19908.0	-6.91
19910.0	-6.91
19912.0	-6.91
19914.0	-6.91
19916.0	-6.92
19918.0	-6.92
19920.0	-6.92
19922.0	-6.92
19924.0	-6.92
19926.0	-6.93
19928.0	-6.93
19930.0	-6.93
19932.0	-6.93
19934.0	-6.93
19936.0	-6.94
19938.0	-6.94
19940.0	-6.94
19942.0	-6.94
19944.0	-6.94
19946.0	-6.95
19948.0	-6.95
19950.0	-6.95
19952.0	-6.95
19954.0	-6.95
19956.0	-6.96
19958.0	-6.96
19960.0	-6.96
19962.0	-6.96
19964.0	-6.96
19966.0	-6.97
19968.0	-6.97
19970.0	-6.97
19972.0	-6.97
19974.0	-6.97
19976.0	-6.98
19978.0	-6.98
19980.0	-6.98
19982.0	-6.98
19984.0	-6.98
19986.0	-6.99
19988.0	-6.99
19990.0	-6.99
19992.0	-6.99
19994.0	-6.99
19996.0	-7.00
19998.0	-7.00
20000.0	-7.00
